2026-01-06 19:05:55,576 [Worker-2: Loading available Gradle versions] INFO  o.e.b.c.i.u.g.PublishedGradleVersions - Gradle version information cache is not available. Remote download required.
2026-01-07 09:04:31,461 [Worker-7: Loading available Gradle versions] INFO  o.e.b.c.i.u.g.PublishedGradleVersions - Gradle version information cache is up-to-date. Trying to read.
2026-01-07 09:20:44,517 [Worker-6: Loading available Gradle versions] INFO  o.e.b.c.i.u.g.PublishedGradleVersions - Gradle version information cache is up-to-date. Trying to read.
2026-01-08 10:26:06,403 [Worker-12: Loading available Gradle versions] INFO  o.e.b.c.i.u.g.PublishedGradleVersions - Gradle version information cache is out-of-date. Trying to update.
2026-01-08 13:16:40,092 [Worker-9: Loading available Gradle versions] INFO  o.e.b.c.i.u.g.PublishedGradleVersions - Gradle version information cache is up-to-date. Trying to read.
2026-01-08 14:05:32,825 [Worker-4: Loading available Gradle versions] INFO  o.e.b.c.i.u.g.PublishedGradleVersions - Gradle version information cache is up-to-date. Trying to read.
2026-01-08 14:21:13,639 [Worker-6: Loading available Gradle versions] INFO  o.e.b.c.i.u.g.PublishedGradleVersions - Gradle version information cache is up-to-date. Trying to read.
2026-01-09 10:38:24,607 [Worker-1: Loading available Gradle versions] INFO  o.e.b.c.i.u.g.PublishedGradleVersions - Gradle version information cache is out-of-date. Trying to update.
2026-01-12 10:00:56,211 [Worker-1: Loading available Gradle versions] INFO  o.e.b.c.i.u.g.PublishedGradleVersions - Gradle version information cache is out-of-date. Trying to update.
2026-01-13 10:09:54,267 [Worker-7: Loading available Gradle versions] INFO  o.e.b.c.i.u.g.PublishedGradleVersions - Gradle version information cache is out-of-date. Trying to update.
2026-01-15 09:16:45,586 [Worker-12: Loading available Gradle versions] INFO  o.e.b.c.i.u.g.PublishedGradleVersions - Gradle version information cache is out-of-date. Trying to update.
2026-01-15 11:09:25,097 [Worker-14: Loading available Gradle versions] INFO  o.e.b.c.i.u.g.PublishedGradleVersions - Gradle version information cache is up-to-date. Trying to read.
2026-01-16 09:10:49,977 [Worker-9: Loading available Gradle versions] INFO  o.e.b.c.i.u.g.PublishedGradleVersions - Gradle version information cache is up-to-date. Trying to read.
2026-01-16 09:20:22,061 [Worker-1: Loading available Gradle versions] INFO  o.e.b.c.i.u.g.PublishedGradleVersions - Gradle version information cache is out-of-date. Trying to update.
2026-01-16 10:42:16,215 [Worker-12: Loading available Gradle versions] INFO  o.e.b.c.i.u.g.PublishedGradleVersions - Gradle version information cache is up-to-date. Trying to read.
2026-01-16 10:47:31,913 [Worker-6: Loading available Gradle versions] INFO  o.e.b.c.i.u.g.PublishedGradleVersions - Gradle version information cache is up-to-date. Trying to read.
2026-01-19 09:25:18,712 [Worker-8: Loading available Gradle versions] INFO  o.e.b.c.i.u.g.PublishedGradleVersions - Gradle version information cache is out-of-date. Trying to update.
2026-01-19 09:57:14,358 [Worker-11: Loading available Gradle versions] INFO  o.e.b.c.i.u.g.PublishedGradleVersions - Gradle version information cache is up-to-date. Trying to read.
2026-01-19 11:57:20,220 [Worker-23: Loading available Gradle versions] INFO  o.e.b.c.i.u.g.PublishedGradleVersions - Gradle version information cache is up-to-date. Trying to read.
2026-01-20 12:04:33,711 [Worker-23: Loading available Gradle versions] INFO  o.e.b.c.i.u.g.PublishedGradleVersions - Gradle version information cache is out-of-date. Trying to update.
2026-01-20 12:04:53,008 [Worker-23: Loading available Gradle versions] INFO  o.e.b.c.i.u.g.PublishedGradleVersions - Updating Gradle version information cache failed. Using outdated cache.
2026-01-22 11:29:23,271 [Worker-12: Loading available Gradle versions] INFO  o.e.b.c.i.u.g.PublishedGradleVersions - Gradle version information cache is out-of-date. Trying to update.
2026-01-23 11:14:42,331 [Worker-10: Loading available Gradle versions] INFO  o.e.b.c.i.u.g.PublishedGradleVersions - Gradle version information cache is up-to-date. Trying to read.
2026-01-27 10:58:45,452 [Worker-7: Loading available Gradle versions] INFO  o.e.b.c.i.u.g.PublishedGradleVersions - Gradle version information cache is out-of-date. Trying to update.
2026-01-27 18:57:17,420 [Worker-10: Loading available Gradle versions] INFO  o.e.b.c.i.u.g.PublishedGradleVersions - Gradle version information cache is up-to-date. Trying to read.
2026-01-28 10:50:52,410 [Worker-2: Loading available Gradle versions] INFO  o.e.b.c.i.u.g.PublishedGradleVersions - Gradle version information cache is up-to-date. Trying to read.
2026-01-29 09:41:54,332 [Worker-11: Loading available Gradle versions] INFO  o.e.b.c.i.u.g.PublishedGradleVersions - Gradle version information cache is out-of-date. Trying to update.
2026-01-29 11:02:19,340 [Worker-7: Loading available Gradle versions] INFO  o.e.b.c.i.u.g.PublishedGradleVersions - Gradle version information cache is up-to-date. Trying to read.
2026-02-02 11:13:09,592 [Worker-1: Loading available Gradle versions] INFO  o.e.b.c.i.u.g.PublishedGradleVersions - Gradle version information cache is out-of-date. Trying to update.
2026-02-02 12:50:18,200 [Worker-8: Loading available Gradle versions] INFO  o.e.b.c.i.u.g.PublishedGradleVersions - Gradle version information cache is up-to-date. Trying to read.
2026-02-03 10:39:43,317 [Worker-2: Loading available Gradle versions] INFO  o.e.b.c.i.u.g.PublishedGradleVersions - Gradle version information cache is up-to-date. Trying to read.
2026-02-03 11:19:11,970 [Worker-0: Loading available Gradle versions] INFO  o.e.b.c.i.u.g.PublishedGradleVersions - Gradle version information cache is out-of-date. Trying to update.
2026-02-04 10:15:20,196 [Worker-11: Loading available Gradle versions] INFO  o.e.b.c.i.u.g.PublishedGradleVersions - Gradle version information cache is up-to-date. Trying to read.
2026-02-04 11:04:04,127 [Worker-13: Loading available Gradle versions] INFO  o.e.b.c.i.u.g.PublishedGradleVersions - Gradle version information cache is up-to-date. Trying to read.
2026-02-05 10:56:33,471 [Worker-3: Loading available Gradle versions] INFO  o.e.b.c.i.u.g.PublishedGradleVersions - Gradle version information cache is out-of-date. Trying to update.
2026-02-06 11:24:10,527 [Worker-7: Loading available Gradle versions] INFO  o.e.b.c.i.u.g.PublishedGradleVersions - Gradle version information cache is out-of-date. Trying to update.
2026-02-10 11:07:47,917 [Worker-7: Loading available Gradle versions] INFO  o.e.b.c.i.u.g.PublishedGradleVersions - Gradle version information cache is out-of-date. Trying to update.
2026-02-10 13:27:50,316 [Worker-7: Loading available Gradle versions] INFO  o.e.b.c.i.u.g.PublishedGradleVersions - Gradle version information cache is up-to-date. Trying to read.
2026-02-11 11:41:12,134 [Worker-16: Loading available Gradle versions] INFO  o.e.b.c.i.u.g.PublishedGradleVersions - Gradle version information cache is out-of-date. Trying to update.
2026-02-12 11:14:51,335 [Worker-8: Loading available Gradle versions] INFO  o.e.b.c.i.u.g.PublishedGradleVersions - Gradle version information cache is up-to-date. Trying to read.
2026-02-13 11:09:49,850 [Worker-11: Loading available Gradle versions] INFO  o.e.b.c.i.u.g.PublishedGradleVersions - Gradle version information cache is out-of-date. Trying to update.
2026-02-16 10:47:46,577 [Worker-10: Loading available Gradle versions] INFO  o.e.b.c.i.u.g.PublishedGradleVersions - Gradle version information cache is out-of-date. Trying to update.
2026-02-16 11:21:35,773 [Worker-5: Loading available Gradle versions] INFO  o.e.b.c.i.u.g.PublishedGradleVersions - Gradle version information cache is up-to-date. Trying to read.
2026-02-20 11:14:56,147 [Worker-6: Loading available Gradle versions] INFO  o.e.b.c.i.u.g.PublishedGradleVersions - Gradle version information cache is out-of-date. Trying to update.
2026-02-23 10:30:54,060 [Worker-5: Loading available Gradle versions] INFO  o.e.b.c.i.u.g.PublishedGradleVersions - Gradle version information cache is out-of-date. Trying to update.
2026-02-24 11:49:09,900 [Worker-11: Loading available Gradle versions] INFO  o.e.b.c.i.u.g.PublishedGradleVersions - Gradle version information cache is out-of-date. Trying to update.
2026-02-24 12:34:03,500 [Worker-20: Launching mavenrun-c49c210a-dc49-443e-8e29-573cb7f3c1e5] INFO  o.eclipse.m2e.core.internal.Bundles - getClasspathEntries(Bundle=org.eclipse.m2e.maven.runtime_3.9.1100.20250811-2018 [1644])
2026-02-24 12:34:03,503 [Worker-20: Launching mavenrun-c49c210a-dc49-443e-8e29-573cb7f3c1e5] INFO  o.eclipse.m2e.core.internal.Bundles - 	Entry: /Users/abinashdas/.p2/pool/plugins/org.eclipse.m2e.maven.runtime_3.9.1100.20250811-2018
2026-02-24 12:34:03,504 [Worker-20: Launching mavenrun-c49c210a-dc49-443e-8e29-573cb7f3c1e5] INFO  o.eclipse.m2e.core.internal.Bundles - 	Entry: /Users/abinashdas/.p2/pool/plugins/org.eclipse.m2e.maven.runtime_3.9.1100.20250811-2018/jars/aopalliance-1.0.jar
2026-02-24 12:34:03,504 [Worker-20: Launching mavenrun-c49c210a-dc49-443e-8e29-573cb7f3c1e5] INFO  o.eclipse.m2e.core.internal.Bundles - 	Entry: /Users/abinashdas/.p2/pool/plugins/org.eclipse.m2e.maven.runtime_3.9.1100.20250811-2018/jars/asm-9.8.jar
2026-02-24 12:34:03,504 [Worker-20: Launching mavenrun-c49c210a-dc49-443e-8e29-573cb7f3c1e5] INFO  o.eclipse.m2e.core.internal.Bundles - 	Entry: /Users/abinashdas/.p2/pool/plugins/org.eclipse.m2e.maven.runtime_3.9.1100.20250811-2018/jars/error_prone_annotations-2.38.0.jar
2026-02-24 12:34:03,504 [Worker-20: Launching mavenrun-c49c210a-dc49-443e-8e29-573cb7f3c1e5] INFO  o.eclipse.m2e.core.internal.Bundles - 	Entry: /Users/abinashdas/.p2/pool/plugins/org.eclipse.m2e.maven.runtime_3.9.1100.20250811-2018/jars/gson-2.13.1.jar
2026-02-24 12:34:03,504 [Worker-20: Launching mavenrun-c49c210a-dc49-443e-8e29-573cb7f3c1e5] INFO  o.eclipse.m2e.core.internal.Bundles - 	Entry: /Users/abinashdas/.p2/pool/plugins/org.eclipse.m2e.maven.runtime_3.9.1100.20250811-2018/jars/guice-5.1.0-classes.jar
2026-02-24 12:34:03,504 [Worker-20: Launching mavenrun-c49c210a-dc49-443e-8e29-573cb7f3c1e5] INFO  o.eclipse.m2e.core.internal.Bundles - 	Entry: /Users/abinashdas/.p2/pool/plugins/org.eclipse.m2e.maven.runtime_3.9.1100.20250811-2018/jars/httpclient-4.5.14.jar
2026-02-24 12:34:03,505 [Worker-20: Launching mavenrun-c49c210a-dc49-443e-8e29-573cb7f3c1e5] INFO  o.eclipse.m2e.core.internal.Bundles - 	Entry: /Users/abinashdas/.p2/pool/plugins/org.eclipse.m2e.maven.runtime_3.9.1100.20250811-2018/jars/httpcore-4.4.16.jar
2026-02-24 12:34:03,505 [Worker-20: Launching mavenrun-c49c210a-dc49-443e-8e29-573cb7f3c1e5] INFO  o.eclipse.m2e.core.internal.Bundles - 	Entry: /Users/abinashdas/.p2/pool/plugins/org.eclipse.m2e.maven.runtime_3.9.1100.20250811-2018/jars/jansi-2.4.2.jar
2026-02-24 12:34:03,505 [Worker-20: Launching mavenrun-c49c210a-dc49-443e-8e29-573cb7f3c1e5] INFO  o.eclipse.m2e.core.internal.Bundles - 	Entry: /Users/abinashdas/.p2/pool/plugins/org.eclipse.m2e.maven.runtime_3.9.1100.20250811-2018/jars/jcl-over-slf4j-1.7.36.jar
2026-02-24 12:34:03,505 [Worker-20: Launching mavenrun-c49c210a-dc49-443e-8e29-573cb7f3c1e5] INFO  o.eclipse.m2e.core.internal.Bundles - 	Entry: /Users/abinashdas/.p2/pool/plugins/org.eclipse.m2e.maven.runtime_3.9.1100.20250811-2018/jars/maven-artifact-3.9.11.jar
2026-02-24 12:34:03,505 [Worker-20: Launching mavenrun-c49c210a-dc49-443e-8e29-573cb7f3c1e5] INFO  o.eclipse.m2e.core.internal.Bundles - 	Entry: /Users/abinashdas/.p2/pool/plugins/org.eclipse.m2e.maven.runtime_3.9.1100.20250811-2018/jars/maven-builder-support-3.9.11.jar
2026-02-24 12:34:03,505 [Worker-20: Launching mavenrun-c49c210a-dc49-443e-8e29-573cb7f3c1e5] INFO  o.eclipse.m2e.core.internal.Bundles - 	Entry: /Users/abinashdas/.p2/pool/plugins/org.eclipse.m2e.maven.runtime_3.9.1100.20250811-2018/jars/maven-compat-3.9.11.jar
2026-02-24 12:34:03,505 [Worker-20: Launching mavenrun-c49c210a-dc49-443e-8e29-573cb7f3c1e5] INFO  o.eclipse.m2e.core.internal.Bundles - 	Entry: /Users/abinashdas/.p2/pool/plugins/org.eclipse.m2e.maven.runtime_3.9.1100.20250811-2018/jars/maven-core-3.9.11.jar
2026-02-24 12:34:03,505 [Worker-20: Launching mavenrun-c49c210a-dc49-443e-8e29-573cb7f3c1e5] INFO  o.eclipse.m2e.core.internal.Bundles - 	Entry: /Users/abinashdas/.p2/pool/plugins/org.eclipse.m2e.maven.runtime_3.9.1100.20250811-2018/jars/maven-embedder-3.9.11.jar
2026-02-24 12:34:03,505 [Worker-20: Launching mavenrun-c49c210a-dc49-443e-8e29-573cb7f3c1e5] INFO  o.eclipse.m2e.core.internal.Bundles - 	Entry: /Users/abinashdas/.p2/pool/plugins/org.eclipse.m2e.maven.runtime_3.9.1100.20250811-2018/jars/maven-model-3.9.11.jar
2026-02-24 12:34:03,506 [Worker-20: Launching mavenrun-c49c210a-dc49-443e-8e29-573cb7f3c1e5] INFO  o.eclipse.m2e.core.internal.Bundles - 	Entry: /Users/abinashdas/.p2/pool/plugins/org.eclipse.m2e.maven.runtime_3.9.1100.20250811-2018/jars/maven-model-builder-3.9.11.jar
2026-02-24 12:34:03,506 [Worker-20: Launching mavenrun-c49c210a-dc49-443e-8e29-573cb7f3c1e5] INFO  o.eclipse.m2e.core.internal.Bundles - 	Entry: /Users/abinashdas/.p2/pool/plugins/org.eclipse.m2e.maven.runtime_3.9.1100.20250811-2018/jars/maven-plugin-api-3.9.11.jar
2026-02-24 12:34:03,506 [Worker-20: Launching mavenrun-c49c210a-dc49-443e-8e29-573cb7f3c1e5] INFO  o.eclipse.m2e.core.internal.Bundles - 	Entry: /Users/abinashdas/.p2/pool/plugins/org.eclipse.m2e.maven.runtime_3.9.1100.20250811-2018/jars/maven-repository-metadata-3.9.11.jar
2026-02-24 12:34:03,506 [Worker-20: Launching mavenrun-c49c210a-dc49-443e-8e29-573cb7f3c1e5] INFO  o.eclipse.m2e.core.internal.Bundles - 	Entry: /Users/abinashdas/.p2/pool/plugins/org.eclipse.m2e.maven.runtime_3.9.1100.20250811-2018/jars/maven-resolver-api-1.9.24.jar
2026-02-24 12:34:03,506 [Worker-20: Launching mavenrun-c49c210a-dc49-443e-8e29-573cb7f3c1e5] INFO  o.eclipse.m2e.core.internal.Bundles - 	Entry: /Users/abinashdas/.p2/pool/plugins/org.eclipse.m2e.maven.runtime_3.9.1100.20250811-2018/jars/maven-resolver-connector-basic-1.9.24.jar
2026-02-24 12:34:03,506 [Worker-20: Launching mavenrun-c49c210a-dc49-443e-8e29-573cb7f3c1e5] INFO  o.eclipse.m2e.core.internal.Bundles - 	Entry: /Users/abinashdas/.p2/pool/plugins/org.eclipse.m2e.maven.runtime_3.9.1100.20250811-2018/jars/maven-resolver-impl-1.9.24.jar
2026-02-24 12:34:03,506 [Worker-20: Launching mavenrun-c49c210a-dc49-443e-8e29-573cb7f3c1e5] INFO  o.eclipse.m2e.core.internal.Bundles - 	Entry: /Users/abinashdas/.p2/pool/plugins/org.eclipse.m2e.maven.runtime_3.9.1100.20250811-2018/jars/maven-resolver-named-locks-1.9.24.jar
2026-02-24 12:34:03,506 [Worker-20: Launching mavenrun-c49c210a-dc49-443e-8e29-573cb7f3c1e5] INFO  o.eclipse.m2e.core.internal.Bundles - 	Entry: /Users/abinashdas/.p2/pool/plugins/org.eclipse.m2e.maven.runtime_3.9.1100.20250811-2018/jars/maven-resolver-provider-3.9.11.jar
2026-02-24 12:34:03,506 [Worker-20: Launching mavenrun-c49c210a-dc49-443e-8e29-573cb7f3c1e5] INFO  o.eclipse.m2e.core.internal.Bundles - 	Entry: /Users/abinashdas/.p2/pool/plugins/org.eclipse.m2e.maven.runtime_3.9.1100.20250811-2018/jars/maven-resolver-spi-1.9.24.jar
2026-02-24 12:34:03,507 [Worker-20: Launching mavenrun-c49c210a-dc49-443e-8e29-573cb7f3c1e5] INFO  o.eclipse.m2e.core.internal.Bundles - 	Entry: /Users/abinashdas/.p2/pool/plugins/org.eclipse.m2e.maven.runtime_3.9.1100.20250811-2018/jars/maven-resolver-transport-file-1.9.24.jar
2026-02-24 12:34:03,507 [Worker-20: Launching mavenrun-c49c210a-dc49-443e-8e29-573cb7f3c1e5] INFO  o.eclipse.m2e.core.internal.Bundles - 	Entry: /Users/abinashdas/.p2/pool/plugins/org.eclipse.m2e.maven.runtime_3.9.1100.20250811-2018/jars/maven-resolver-transport-http-1.9.24.jar
2026-02-24 12:34:03,507 [Worker-20: Launching mavenrun-c49c210a-dc49-443e-8e29-573cb7f3c1e5] INFO  o.eclipse.m2e.core.internal.Bundles - 	Entry: /Users/abinashdas/.p2/pool/plugins/org.eclipse.m2e.maven.runtime_3.9.1100.20250811-2018/jars/maven-resolver-transport-wagon-1.9.24.jar
2026-02-24 12:34:03,507 [Worker-20: Launching mavenrun-c49c210a-dc49-443e-8e29-573cb7f3c1e5] INFO  o.eclipse.m2e.core.internal.Bundles - 	Entry: /Users/abinashdas/.p2/pool/plugins/org.eclipse.m2e.maven.runtime_3.9.1100.20250811-2018/jars/maven-resolver-util-1.9.24.jar
2026-02-24 12:34:03,507 [Worker-20: Launching mavenrun-c49c210a-dc49-443e-8e29-573cb7f3c1e5] INFO  o.eclipse.m2e.core.internal.Bundles - 	Entry: /Users/abinashdas/.p2/pool/plugins/org.eclipse.m2e.maven.runtime_3.9.1100.20250811-2018/jars/maven-settings-3.9.11.jar
2026-02-24 12:34:03,507 [Worker-20: Launching mavenrun-c49c210a-dc49-443e-8e29-573cb7f3c1e5] INFO  o.eclipse.m2e.core.internal.Bundles - 	Entry: /Users/abinashdas/.p2/pool/plugins/org.eclipse.m2e.maven.runtime_3.9.1100.20250811-2018/jars/maven-settings-builder-3.9.11.jar
2026-02-24 12:34:03,508 [Worker-20: Launching mavenrun-c49c210a-dc49-443e-8e29-573cb7f3c1e5] INFO  o.eclipse.m2e.core.internal.Bundles - 	Entry: /Users/abinashdas/.p2/pool/plugins/org.eclipse.m2e.maven.runtime_3.9.1100.20250811-2018/jars/maven-shared-utils-3.4.2.jar
2026-02-24 12:34:03,508 [Worker-20: Launching mavenrun-c49c210a-dc49-443e-8e29-573cb7f3c1e5] INFO  o.eclipse.m2e.core.internal.Bundles - 	Entry: /Users/abinashdas/.p2/pool/plugins/org.eclipse.m2e.maven.runtime_3.9.1100.20250811-2018/jars/org.eclipse.sisu.inject-0.9.0.M4.jar
2026-02-24 12:34:03,508 [Worker-20: Launching mavenrun-c49c210a-dc49-443e-8e29-573cb7f3c1e5] INFO  o.eclipse.m2e.core.internal.Bundles - 	Entry: /Users/abinashdas/.p2/pool/plugins/org.eclipse.m2e.maven.runtime_3.9.1100.20250811-2018/jars/org.eclipse.sisu.plexus-0.9.0.M4.jar
2026-02-24 12:34:03,508 [Worker-20: Launching mavenrun-c49c210a-dc49-443e-8e29-573cb7f3c1e5] INFO  o.eclipse.m2e.core.internal.Bundles - 	Entry: /Users/abinashdas/.p2/pool/plugins/org.eclipse.m2e.maven.runtime_3.9.1100.20250811-2018/jars/plexus-build-api-0.0.7.jar
2026-02-24 12:34:03,508 [Worker-20: Launching mavenrun-c49c210a-dc49-443e-8e29-573cb7f3c1e5] INFO  o.eclipse.m2e.core.internal.Bundles - 	Entry: /Users/abinashdas/.p2/pool/plugins/org.eclipse.m2e.maven.runtime_3.9.1100.20250811-2018/jars/plexus-build-api-1.2.0.jar
2026-02-24 12:34:03,509 [Worker-20: Launching mavenrun-c49c210a-dc49-443e-8e29-573cb7f3c1e5] INFO  o.eclipse.m2e.core.internal.Bundles - 	Entry: /Users/abinashdas/.p2/pool/plugins/org.eclipse.m2e.maven.runtime_3.9.1100.20250811-2018/jars/plexus-cipher-2.0.jar
2026-02-24 12:34:03,509 [Worker-20: Launching mavenrun-c49c210a-dc49-443e-8e29-573cb7f3c1e5] INFO  o.eclipse.m2e.core.internal.Bundles - 	Entry: /Users/abinashdas/.p2/pool/plugins/org.eclipse.m2e.maven.runtime_3.9.1100.20250811-2018/jars/plexus-classworlds-2.9.0.jar
2026-02-24 12:34:03,509 [Worker-20: Launching mavenrun-c49c210a-dc49-443e-8e29-573cb7f3c1e5] INFO  o.eclipse.m2e.core.internal.Bundles - 	Entry: /Users/abinashdas/.p2/pool/plugins/org.eclipse.m2e.maven.runtime_3.9.1100.20250811-2018/jars/plexus-component-annotations-2.2.0.jar
2026-02-24 12:34:03,509 [Worker-20: Launching mavenrun-c49c210a-dc49-443e-8e29-573cb7f3c1e5] INFO  o.eclipse.m2e.core.internal.Bundles - 	Entry: /Users/abinashdas/.p2/pool/plugins/org.eclipse.m2e.maven.runtime_3.9.1100.20250811-2018/jars/plexus-interpolation-1.28.jar
2026-02-24 12:34:03,509 [Worker-20: Launching mavenrun-c49c210a-dc49-443e-8e29-573cb7f3c1e5] INFO  o.eclipse.m2e.core.internal.Bundles - 	Entry: /Users/abinashdas/.p2/pool/plugins/org.eclipse.m2e.maven.runtime_3.9.1100.20250811-2018/jars/plexus-sec-dispatcher-2.0.jar
2026-02-24 12:34:03,509 [Worker-20: Launching mavenrun-c49c210a-dc49-443e-8e29-573cb7f3c1e5] INFO  o.eclipse.m2e.core.internal.Bundles - 	Entry: /Users/abinashdas/.p2/pool/plugins/org.eclipse.m2e.maven.runtime_3.9.1100.20250811-2018/jars/plexus-utils-3.6.0.jar
2026-02-24 12:34:03,509 [Worker-20: Launching mavenrun-c49c210a-dc49-443e-8e29-573cb7f3c1e5] INFO  o.eclipse.m2e.core.internal.Bundles - 	Entry: /Users/abinashdas/.p2/pool/plugins/org.eclipse.m2e.maven.runtime_3.9.1100.20250811-2018/jars/wagon-file-3.5.3.jar
2026-02-24 12:34:03,509 [Worker-20: Launching mavenrun-c49c210a-dc49-443e-8e29-573cb7f3c1e5] INFO  o.eclipse.m2e.core.internal.Bundles - 	Entry: /Users/abinashdas/.p2/pool/plugins/org.eclipse.m2e.maven.runtime_3.9.1100.20250811-2018/jars/wagon-http-3.5.3.jar
2026-02-24 12:34:03,509 [Worker-20: Launching mavenrun-c49c210a-dc49-443e-8e29-573cb7f3c1e5] INFO  o.eclipse.m2e.core.internal.Bundles - 	Entry: /Users/abinashdas/.p2/pool/plugins/org.eclipse.m2e.maven.runtime_3.9.1100.20250811-2018/jars/wagon-http-shared-3.5.3.jar
2026-02-24 12:34:03,510 [Worker-20: Launching mavenrun-c49c210a-dc49-443e-8e29-573cb7f3c1e5] INFO  o.eclipse.m2e.core.internal.Bundles - 	Entry: /Users/abinashdas/.p2/pool/plugins/org.eclipse.m2e.maven.runtime_3.9.1100.20250811-2018/jars/wagon-provider-api-3.5.3.jar
2026-02-24 12:34:03,512 [Worker-20: Launching mavenrun-c49c210a-dc49-443e-8e29-573cb7f3c1e5] INFO  o.eclipse.m2e.core.internal.Bundles - getClasspathEntries(Bundle=com.google.guava_33.5.0.jre [2031])
2026-02-24 12:34:03,513 [Worker-20: Launching mavenrun-c49c210a-dc49-443e-8e29-573cb7f3c1e5] INFO  o.eclipse.m2e.core.internal.Bundles - 	Entry: /Users/abinashdas/.p2/pool/plugins/com.google.guava_33.5.0.jre.jar
2026-02-24 12:34:03,513 [Worker-20: Launching mavenrun-c49c210a-dc49-443e-8e29-573cb7f3c1e5] INFO  o.eclipse.m2e.core.internal.Bundles - getClasspathEntries(Bundle=slf4j.api_2.0.17 [2009])
2026-02-24 12:34:03,513 [Worker-20: Launching mavenrun-c49c210a-dc49-443e-8e29-573cb7f3c1e5] INFO  o.eclipse.m2e.core.internal.Bundles - 	Entry: /Users/abinashdas/.p2/pool/plugins/slf4j.api_2.0.17.jar
2026-02-24 12:34:03,514 [Worker-20: Launching mavenrun-c49c210a-dc49-443e-8e29-573cb7f3c1e5] INFO  o.eclipse.m2e.core.internal.Bundles - getClasspathEntries(Bundle=jakarta.inject.jakarta.inject-api_1.0.5 [1040])
2026-02-24 12:34:03,514 [Worker-20: Launching mavenrun-c49c210a-dc49-443e-8e29-573cb7f3c1e5] INFO  o.eclipse.m2e.core.internal.Bundles - 	Entry: /Users/abinashdas/.p2/pool/plugins/jakarta.inject.jakarta.inject-api_1.0.5.jar
2026-02-24 12:34:03,514 [Worker-20: Launching mavenrun-c49c210a-dc49-443e-8e29-573cb7f3c1e5] INFO  o.eclipse.m2e.core.internal.Bundles - getClasspathEntries(Bundle=jakarta.annotation-api_1.3.5 [1036])
2026-02-24 12:34:03,514 [Worker-20: Launching mavenrun-c49c210a-dc49-443e-8e29-573cb7f3c1e5] INFO  o.eclipse.m2e.core.internal.Bundles - 	Entry: /Users/abinashdas/.p2/pool/plugins/jakarta.annotation-api_1.3.5.jar
2026-02-24 12:34:03,515 [Worker-20: Launching mavenrun-c49c210a-dc49-443e-8e29-573cb7f3c1e5] INFO  o.eclipse.m2e.core.internal.Bundles - getClasspathEntries(Bundle=org.apache.commons.cli_1.11.0 [2043])
2026-02-24 12:34:03,515 [Worker-20: Launching mavenrun-c49c210a-dc49-443e-8e29-573cb7f3c1e5] INFO  o.eclipse.m2e.core.internal.Bundles - 	Entry: /Users/abinashdas/.p2/pool/plugins/org.apache.commons.cli_1.11.0.jar
2026-02-24 12:34:03,515 [Worker-20: Launching mavenrun-c49c210a-dc49-443e-8e29-573cb7f3c1e5] INFO  o.eclipse.m2e.core.internal.Bundles - getClasspathEntries(Bundle=org.apache.commons.commons-codec_1.20.0 [1082])
2026-02-24 12:34:03,515 [Worker-20: Launching mavenrun-c49c210a-dc49-443e-8e29-573cb7f3c1e5] INFO  o.eclipse.m2e.core.internal.Bundles - 	Entry: /Users/abinashdas/.p2/pool/plugins/org.apache.commons.commons-codec_1.20.0.jar
2026-02-24 12:34:03,515 [Worker-20: Launching mavenrun-c49c210a-dc49-443e-8e29-573cb7f3c1e5] INFO  o.eclipse.m2e.core.internal.Bundles - getClasspathEntries(Bundle=com.google.guava.failureaccess_1.0.3 [1024])
2026-02-24 12:34:03,515 [Worker-20: Launching mavenrun-c49c210a-dc49-443e-8e29-573cb7f3c1e5] INFO  o.eclipse.m2e.core.internal.Bundles - 	Entry: /Users/abinashdas/.p2/pool/plugins/com.google.guava.failureaccess_1.0.3.jar
2026-02-24 12:34:03,518 [Worker-20: Launching mavenrun-c49c210a-dc49-443e-8e29-573cb7f3c1e5] INFO  o.e.m.i.launch.MavenLaunchDelegate - Run build in "/var/folders/bt/yrck1l4958l8zdf_kjsftwym0000gn/T/m2e-archetypeGenerator6181126601784894119":
2026-02-24 12:34:03,534 [Worker-20: Launching mavenrun-c49c210a-dc49-443e-8e29-573cb7f3c1e5] INFO  o.e.m.i.launch.MavenLaunchDelegate -  mvn  -DjavaCompilerVersion=17 -DjunitVersion=5.11.0 -DarchetypeGroupId=org.apache.maven.archetypes -DarchetypeArtifactId=maven-archetype-quickstart -DarchetypeVersion=1.5 -DgroupId=com.kodewish -DartifactId=mavenDemo -Dversion=0.0.1-SNAPSHOT -Dpackage=com.kodewish -DoutputDirectory="/Users/abinashdas/Desktop/KodeWala java" -Dstyle.color=always -U archetype:generate
2026-02-24 12:34:19,803 [Worker-19: Creating maven-archetype-quickstart] INFO  o.e.m.c.i.p.ProjectConfigurationManager - Collecting project info '/pom.xml' /Users/abinashdas/Desktop/KodeWala java/mavenDemo/pom.xml
2026-02-24 12:34:20,977 [Worker-19: Creating maven-archetype-quickstart] INFO  o.e.m.c.i.l.LifecycleMappingFactory - Using org.eclipse.m2e.jdt.JarLifecycleMapping lifecycle mapping for MavenProject: com.kodewish:mavenDemo:0.0.1-SNAPSHOT @ /Users/abinashdas/Desktop/KodeWala java/mavenDemo/pom.xml.
2026-02-24 12:34:22,148 [Worker-19: Creating maven-archetype-quickstart] INFO  o.e.m.j.i.AbstractJavaProjectConfigurator - Adding source folder /mavenDemo/src/main/java
2026-02-24 12:34:22,150 [Worker-19: Creating maven-archetype-quickstart] INFO  o.e.m.j.i.AbstractJavaProjectConfigurator - Adding resource folder /mavenDemo/src/main/resources
2026-02-24 12:34:22,154 [Worker-19: Creating maven-archetype-quickstart] INFO  o.e.m.j.i.AbstractJavaProjectConfigurator - Adding source folder /mavenDemo/src/test/java
2026-02-24 12:34:22,155 [Worker-19: Creating maven-archetype-quickstart] INFO  o.e.m.j.i.AbstractJavaProjectConfigurator - Adding resource folder /mavenDemo/src/test/resources
2026-02-24 12:34:23,213 [Worker-19: Creating maven-archetype-quickstart] WARN  o.apache.maven.project.MavenProject - Direct modification of compileSourceRoots through clear() is deprecated and will not work in Maven 4.0.0. Please use the add/remove methods instead. If you're using a plugin that causes this warning, please upgrade to the latest version and report an issue if the warning persists. To disable these warnings, set -Dmaven.project.sourceRoots.warningsDisabled=true on the command line, in the .mvn/maven.config file, or in project POM properties.
2026-02-24 12:34:23,215 [Worker-19: Creating maven-archetype-quickstart] WARN  o.apache.maven.project.MavenProject - Direct modification of compileSourceRoots through add() is deprecated and will not work in Maven 4.0.0. Please use the add/remove methods instead. If you're using a plugin that causes this warning, please upgrade to the latest version and report an issue if the warning persists. To disable these warnings, set -Dmaven.project.sourceRoots.warningsDisabled=true on the command line, in the .mvn/maven.config file, or in project POM properties.
2026-02-24 12:34:23,216 [Worker-19: Creating maven-archetype-quickstart] WARN  o.apache.maven.project.MavenProject - Direct modification of testCompileSourceRoots through clear() is deprecated and will not work in Maven 4.0.0. Please use the add/remove methods instead. If you're using a plugin that causes this warning, please upgrade to the latest version and report an issue if the warning persists. To disable these warnings, set -Dmaven.project.sourceRoots.warningsDisabled=true on the command line, in the .mvn/maven.config file, or in project POM properties.
2026-02-24 12:34:23,218 [Worker-19: Creating maven-archetype-quickstart] WARN  o.apache.maven.project.MavenProject - Direct modification of testCompileSourceRoots through add() is deprecated and will not work in Maven 4.0.0. Please use the add/remove methods instead. If you're using a plugin that causes this warning, please upgrade to the latest version and report an issue if the warning persists. To disable these warnings, set -Dmaven.project.sourceRoots.warningsDisabled=true on the command line, in the .mvn/maven.config file, or in project POM properties.
2026-02-24 12:34:23,250 [Worker-19: Creating maven-archetype-quickstart] INFO  o.e.m.c.i.p.ProjectConfigurationManager - Imported and configured 1 project(s) in 3 sec
2026-02-24 12:34:24,118 [Worker-15: Building] INFO  o.a.m.s.f.DefaultMavenResourcesFiltering - skip non existing resourceDirectory /Users/abinashdas/Desktop/KodeWala java/mavenDemo/src/main/resources
2026-02-24 12:34:24,127 [Worker-15: Building] INFO  o.a.m.s.f.DefaultMavenResourcesFiltering - skip non existing resourceDirectory /Users/abinashdas/Desktop/KodeWala java/mavenDemo/src/test/resources
2026-02-24 12:34:24,731 [Worker-15: Building] WARN  o.apache.maven.project.MavenProject - Direct modification of compileSourceRoots through clear() is deprecated and will not work in Maven 4.0.0. Please use the add/remove methods instead. If you're using a plugin that causes this warning, please upgrade to the latest version and report an issue if the warning persists. To disable these warnings, set -Dmaven.project.sourceRoots.warningsDisabled=true on the command line, in the .mvn/maven.config file, or in project POM properties.
2026-02-24 12:34:24,732 [Worker-15: Building] WARN  o.apache.maven.project.MavenProject - Direct modification of compileSourceRoots through add() is deprecated and will not work in Maven 4.0.0. Please use the add/remove methods instead. If you're using a plugin that causes this warning, please upgrade to the latest version and report an issue if the warning persists. To disable these warnings, set -Dmaven.project.sourceRoots.warningsDisabled=true on the command line, in the .mvn/maven.config file, or in project POM properties.
2026-02-24 12:34:24,733 [Worker-15: Building] WARN  o.apache.maven.project.MavenProject - Direct modification of testCompileSourceRoots through clear() is deprecated and will not work in Maven 4.0.0. Please use the add/remove methods instead. If you're using a plugin that causes this warning, please upgrade to the latest version and report an issue if the warning persists. To disable these warnings, set -Dmaven.project.sourceRoots.warningsDisabled=true on the command line, in the .mvn/maven.config file, or in project POM properties.
2026-02-24 12:34:24,735 [Worker-15: Building] WARN  o.apache.maven.project.MavenProject - Direct modification of testCompileSourceRoots through add() is deprecated and will not work in Maven 4.0.0. Please use the add/remove methods instead. If you're using a plugin that causes this warning, please upgrade to the latest version and report an issue if the warning persists. To disable these warnings, set -Dmaven.project.sourceRoots.warningsDisabled=true on the command line, in the .mvn/maven.config file, or in project POM properties.
2026-02-24 12:37:02,940 [Worker-17: Building] INFO  o.e.m.c.i.l.LifecycleMappingFactory - Using org.eclipse.m2e.jdt.JarLifecycleMapping lifecycle mapping for MavenProject: com.kodewish:mavenDemo:0.0.1-SNAPSHOT @ /Users/abinashdas/Desktop/KodeWala java/mavenDemo/pom.xml.
2026-02-24 12:37:03,087 [Worker-17: Building] INFO  o.e.m.c.i.e.AbstractTransferListenerAdapter - Downloading https://repo.maven.apache.org/maven2/org/mongodb/mongo-java-driver/3.11.2/mongo-java-driver-3.11.2.pom
2026-02-24 12:37:03,101 [Worker-17: Building] INFO  o.e.m.c.i.e.AbstractTransferListenerAdapter - Downloaded https://repo.maven.apache.org/maven2/org/mongodb/mongo-java-driver/3.11.2/mongo-java-driver-3.11.2.pom
2026-02-24 12:37:03,133 [Worker-17: Building] INFO  o.e.m.c.i.e.AbstractTransferListenerAdapter - Downloading https://repo.maven.apache.org/maven2/org/mongodb/mongo-java-driver/3.11.2/mongo-java-driver-3.11.2.jar
2026-02-24 12:37:03,315 [Worker-17: Building] INFO  o.e.m.c.i.e.AbstractTransferListenerAdapter - Downloaded https://repo.maven.apache.org/maven2/org/mongodb/mongo-java-driver/3.11.2/mongo-java-driver-3.11.2.jar
2026-02-24 12:37:03,667 [Worker-17: Building] INFO  o.a.m.s.f.DefaultMavenResourcesFiltering - skip non existing resourceDirectory /Users/abinashdas/Desktop/KodeWala java/mavenDemo/src/main/resources
2026-02-24 12:37:03,672 [Worker-17: Building] INFO  o.a.m.s.f.DefaultMavenResourcesFiltering - skip non existing resourceDirectory /Users/abinashdas/Desktop/KodeWala java/mavenDemo/src/test/resources
2026-02-24 12:37:03,690 [Worker-17: Building] WARN  o.apache.maven.project.MavenProject - Direct modification of compileSourceRoots through clear() is deprecated and will not work in Maven 4.0.0. Please use the add/remove methods instead. If you're using a plugin that causes this warning, please upgrade to the latest version and report an issue if the warning persists. To disable these warnings, set -Dmaven.project.sourceRoots.warningsDisabled=true on the command line, in the .mvn/maven.config file, or in project POM properties.
2026-02-24 12:37:03,692 [Worker-17: Building] WARN  o.apache.maven.project.MavenProject - Direct modification of compileSourceRoots through add() is deprecated and will not work in Maven 4.0.0. Please use the add/remove methods instead. If you're using a plugin that causes this warning, please upgrade to the latest version and report an issue if the warning persists. To disable these warnings, set -Dmaven.project.sourceRoots.warningsDisabled=true on the command line, in the .mvn/maven.config file, or in project POM properties.
2026-02-24 12:37:03,694 [Worker-17: Building] WARN  o.apache.maven.project.MavenProject - Direct modification of testCompileSourceRoots through clear() is deprecated and will not work in Maven 4.0.0. Please use the add/remove methods instead. If you're using a plugin that causes this warning, please upgrade to the latest version and report an issue if the warning persists. To disable these warnings, set -Dmaven.project.sourceRoots.warningsDisabled=true on the command line, in the .mvn/maven.config file, or in project POM properties.
2026-02-24 12:37:03,697 [Worker-17: Building] WARN  o.apache.maven.project.MavenProject - Direct modification of testCompileSourceRoots through add() is deprecated and will not work in Maven 4.0.0. Please use the add/remove methods instead. If you're using a plugin that causes this warning, please upgrade to the latest version and report an issue if the warning persists. To disable these warnings, set -Dmaven.project.sourceRoots.warningsDisabled=true on the command line, in the .mvn/maven.config file, or in project POM properties.
2026-02-24 12:37:04,555 [Worker-17: Download sources and javadoc] INFO  o.e.m.c.i.e.AbstractTransferListenerAdapter - Downloading https://repo.maven.apache.org/maven2/org/mongodb/mongo-java-driver/3.11.2/mongo-java-driver-3.11.2-sources.jar
2026-02-24 12:37:04,694 [Worker-17: Download sources and javadoc] INFO  o.e.m.c.i.e.AbstractTransferListenerAdapter - Downloaded https://repo.maven.apache.org/maven2/org/mongodb/mongo-java-driver/3.11.2/mongo-java-driver-3.11.2-sources.jar
2026-02-24 12:37:04,700 [Worker-17: Download sources and javadoc] INFO  o.e.m.j.internal.DownloadSourcesJob - Downloaded sources for org.mongodb:mongo-java-driver:3.11.2
2026-02-24 12:37:04,978 [Worker-23: Building] INFO  o.a.m.s.f.DefaultMavenResourcesFiltering - skip non existing resourceDirectory /Users/abinashdas/Desktop/KodeWala java/mavenDemo/src/main/resources
2026-02-24 12:37:04,985 [Worker-23: Building] INFO  o.a.m.s.f.DefaultMavenResourcesFiltering - skip non existing resourceDirectory /Users/abinashdas/Desktop/KodeWala java/mavenDemo/src/test/resources
2026-02-24 12:37:05,002 [Worker-23: Building] WARN  o.apache.maven.project.MavenProject - Direct modification of compileSourceRoots through clear() is deprecated and will not work in Maven 4.0.0. Please use the add/remove methods instead. If you're using a plugin that causes this warning, please upgrade to the latest version and report an issue if the warning persists. To disable these warnings, set -Dmaven.project.sourceRoots.warningsDisabled=true on the command line, in the .mvn/maven.config file, or in project POM properties.
2026-02-24 12:37:05,003 [Worker-23: Building] WARN  o.apache.maven.project.MavenProject - Direct modification of compileSourceRoots through add() is deprecated and will not work in Maven 4.0.0. Please use the add/remove methods instead. If you're using a plugin that causes this warning, please upgrade to the latest version and report an issue if the warning persists. To disable these warnings, set -Dmaven.project.sourceRoots.warningsDisabled=true on the command line, in the .mvn/maven.config file, or in project POM properties.
2026-02-24 12:37:05,004 [Worker-23: Building] WARN  o.apache.maven.project.MavenProject - Direct modification of testCompileSourceRoots through clear() is deprecated and will not work in Maven 4.0.0. Please use the add/remove methods instead. If you're using a plugin that causes this warning, please upgrade to the latest version and report an issue if the warning persists. To disable these warnings, set -Dmaven.project.sourceRoots.warningsDisabled=true on the command line, in the .mvn/maven.config file, or in project POM properties.
2026-02-24 12:37:05,005 [Worker-23: Building] WARN  o.apache.maven.project.MavenProject - Direct modification of testCompileSourceRoots through add() is deprecated and will not work in Maven 4.0.0. Please use the add/remove methods instead. If you're using a plugin that causes this warning, please upgrade to the latest version and report an issue if the warning persists. To disable these warnings, set -Dmaven.project.sourceRoots.warningsDisabled=true on the command line, in the .mvn/maven.config file, or in project POM properties.
2026-02-24 12:38:54,969 [Worker-19: Building] INFO  o.a.m.s.f.DefaultMavenResourcesFiltering - skip non existing resourceDirectory /Users/abinashdas/Desktop/KodeWala java/mavenDemo/src/main/resources
2026-02-24 12:38:54,998 [Worker-19: Building] INFO  o.a.m.s.f.DefaultMavenResourcesFiltering - skip non existing resourceDirectory /Users/abinashdas/Desktop/KodeWala java/mavenDemo/src/test/resources
2026-02-24 12:38:54,998 [Worker-19: Building] WARN  o.apache.maven.project.MavenProject - Direct modification of compileSourceRoots through clear() is deprecated and will not work in Maven 4.0.0. Please use the add/remove methods instead. If you're using a plugin that causes this warning, please upgrade to the latest version and report an issue if the warning persists. To disable these warnings, set -Dmaven.project.sourceRoots.warningsDisabled=true on the command line, in the .mvn/maven.config file, or in project POM properties.
2026-02-24 12:38:55,001 [Worker-19: Building] WARN  o.apache.maven.project.MavenProject - Direct modification of compileSourceRoots through add() is deprecated and will not work in Maven 4.0.0. Please use the add/remove methods instead. If you're using a plugin that causes this warning, please upgrade to the latest version and report an issue if the warning persists. To disable these warnings, set -Dmaven.project.sourceRoots.warningsDisabled=true on the command line, in the .mvn/maven.config file, or in project POM properties.
2026-02-24 12:38:55,003 [Worker-19: Building] WARN  o.apache.maven.project.MavenProject - Direct modification of testCompileSourceRoots through clear() is deprecated and will not work in Maven 4.0.0. Please use the add/remove methods instead. If you're using a plugin that causes this warning, please upgrade to the latest version and report an issue if the warning persists. To disable these warnings, set -Dmaven.project.sourceRoots.warningsDisabled=true on the command line, in the .mvn/maven.config file, or in project POM properties.
2026-02-24 12:38:55,004 [Worker-19: Building] WARN  o.apache.maven.project.MavenProject - Direct modification of testCompileSourceRoots through add() is deprecated and will not work in Maven 4.0.0. Please use the add/remove methods instead. If you're using a plugin that causes this warning, please upgrade to the latest version and report an issue if the warning persists. To disable these warnings, set -Dmaven.project.sourceRoots.warningsDisabled=true on the command line, in the .mvn/maven.config file, or in project POM properties.
2026-02-24 12:40:28,323 [Worker-17: Building] INFO  o.a.m.s.f.DefaultMavenResourcesFiltering - skip non existing resourceDirectory /Users/abinashdas/Desktop/KodeWala java/mavenDemo/src/main/resources
2026-02-24 12:40:28,329 [Worker-17: Building] INFO  o.a.m.s.f.DefaultMavenResourcesFiltering - skip non existing resourceDirectory /Users/abinashdas/Desktop/KodeWala java/mavenDemo/src/test/resources
2026-02-24 12:40:28,330 [Worker-17: Building] WARN  o.apache.maven.project.MavenProject - Direct modification of compileSourceRoots through clear() is deprecated and will not work in Maven 4.0.0. Please use the add/remove methods instead. If you're using a plugin that causes this warning, please upgrade to the latest version and report an issue if the warning persists. To disable these warnings, set -Dmaven.project.sourceRoots.warningsDisabled=true on the command line, in the .mvn/maven.config file, or in project POM properties.
2026-02-24 12:40:28,332 [Worker-17: Building] WARN  o.apache.maven.project.MavenProject - Direct modification of compileSourceRoots through add() is deprecated and will not work in Maven 4.0.0. Please use the add/remove methods instead. If you're using a plugin that causes this warning, please upgrade to the latest version and report an issue if the warning persists. To disable these warnings, set -Dmaven.project.sourceRoots.warningsDisabled=true on the command line, in the .mvn/maven.config file, or in project POM properties.
2026-02-24 12:40:28,333 [Worker-17: Building] WARN  o.apache.maven.project.MavenProject - Direct modification of testCompileSourceRoots through clear() is deprecated and will not work in Maven 4.0.0. Please use the add/remove methods instead. If you're using a plugin that causes this warning, please upgrade to the latest version and report an issue if the warning persists. To disable these warnings, set -Dmaven.project.sourceRoots.warningsDisabled=true on the command line, in the .mvn/maven.config file, or in project POM properties.
2026-02-24 12:40:28,334 [Worker-17: Building] WARN  o.apache.maven.project.MavenProject - Direct modification of testCompileSourceRoots through add() is deprecated and will not work in Maven 4.0.0. Please use the add/remove methods instead. If you're using a plugin that causes this warning, please upgrade to the latest version and report an issue if the warning persists. To disable these warnings, set -Dmaven.project.sourceRoots.warningsDisabled=true on the command line, in the .mvn/maven.config file, or in project POM properties.
2026-02-24 12:41:45,965 [Worker-23: Launching Executing install in _Users_abinashdas_Desktop_KodeWala java_mavenDemo] INFO  o.eclipse.m2e.core.internal.Bundles - getClasspathEntries(Bundle=org.eclipse.m2e.maven.runtime_3.9.1100.20250811-2018 [1644])
2026-02-24 12:41:45,967 [Worker-23: Launching Executing install in _Users_abinashdas_Desktop_KodeWala java_mavenDemo] INFO  o.eclipse.m2e.core.internal.Bundles - 	Entry: /Users/abinashdas/.p2/pool/plugins/org.eclipse.m2e.maven.runtime_3.9.1100.20250811-2018
2026-02-24 12:41:45,967 [Worker-23: Launching Executing install in _Users_abinashdas_Desktop_KodeWala java_mavenDemo] INFO  o.eclipse.m2e.core.internal.Bundles - 	Entry: /Users/abinashdas/.p2/pool/plugins/org.eclipse.m2e.maven.runtime_3.9.1100.20250811-2018/jars/aopalliance-1.0.jar
2026-02-24 12:41:45,968 [Worker-23: Launching Executing install in _Users_abinashdas_Desktop_KodeWala java_mavenDemo] INFO  o.eclipse.m2e.core.internal.Bundles - 	Entry: /Users/abinashdas/.p2/pool/plugins/org.eclipse.m2e.maven.runtime_3.9.1100.20250811-2018/jars/asm-9.8.jar
2026-02-24 12:41:45,968 [Worker-23: Launching Executing install in _Users_abinashdas_Desktop_KodeWala java_mavenDemo] INFO  o.eclipse.m2e.core.internal.Bundles - 	Entry: /Users/abinashdas/.p2/pool/plugins/org.eclipse.m2e.maven.runtime_3.9.1100.20250811-2018/jars/error_prone_annotations-2.38.0.jar
2026-02-24 12:41:45,968 [Worker-23: Launching Executing install in _Users_abinashdas_Desktop_KodeWala java_mavenDemo] INFO  o.eclipse.m2e.core.internal.Bundles - 	Entry: /Users/abinashdas/.p2/pool/plugins/org.eclipse.m2e.maven.runtime_3.9.1100.20250811-2018/jars/gson-2.13.1.jar
2026-02-24 12:41:45,968 [Worker-23: Launching Executing install in _Users_abinashdas_Desktop_KodeWala java_mavenDemo] INFO  o.eclipse.m2e.core.internal.Bundles - 	Entry: /Users/abinashdas/.p2/pool/plugins/org.eclipse.m2e.maven.runtime_3.9.1100.20250811-2018/jars/guice-5.1.0-classes.jar
2026-02-24 12:41:45,969 [Worker-23: Launching Executing install in _Users_abinashdas_Desktop_KodeWala java_mavenDemo] INFO  o.eclipse.m2e.core.internal.Bundles - 	Entry: /Users/abinashdas/.p2/pool/plugins/org.eclipse.m2e.maven.runtime_3.9.1100.20250811-2018/jars/httpclient-4.5.14.jar
2026-02-24 12:41:45,970 [Worker-23: Launching Executing install in _Users_abinashdas_Desktop_KodeWala java_mavenDemo] INFO  o.eclipse.m2e.core.internal.Bundles - 	Entry: /Users/abinashdas/.p2/pool/plugins/org.eclipse.m2e.maven.runtime_3.9.1100.20250811-2018/jars/httpcore-4.4.16.jar
2026-02-24 12:41:45,970 [Worker-23: Launching Executing install in _Users_abinashdas_Desktop_KodeWala java_mavenDemo] INFO  o.eclipse.m2e.core.internal.Bundles - 	Entry: /Users/abinashdas/.p2/pool/plugins/org.eclipse.m2e.maven.runtime_3.9.1100.20250811-2018/jars/jansi-2.4.2.jar
2026-02-24 12:41:45,971 [Worker-23: Launching Executing install in _Users_abinashdas_Desktop_KodeWala java_mavenDemo] INFO  o.eclipse.m2e.core.internal.Bundles - 	Entry: /Users/abinashdas/.p2/pool/plugins/org.eclipse.m2e.maven.runtime_3.9.1100.20250811-2018/jars/jcl-over-slf4j-1.7.36.jar
2026-02-24 12:41:45,971 [Worker-23: Launching Executing install in _Users_abinashdas_Desktop_KodeWala java_mavenDemo] INFO  o.eclipse.m2e.core.internal.Bundles - 	Entry: /Users/abinashdas/.p2/pool/plugins/org.eclipse.m2e.maven.runtime_3.9.1100.20250811-2018/jars/maven-artifact-3.9.11.jar
2026-02-24 12:41:45,972 [Worker-23: Launching Executing install in _Users_abinashdas_Desktop_KodeWala java_mavenDemo] INFO  o.eclipse.m2e.core.internal.Bundles - 	Entry: /Users/abinashdas/.p2/pool/plugins/org.eclipse.m2e.maven.runtime_3.9.1100.20250811-2018/jars/maven-builder-support-3.9.11.jar
2026-02-24 12:41:45,973 [Worker-23: Launching Executing install in _Users_abinashdas_Desktop_KodeWala java_mavenDemo] INFO  o.eclipse.m2e.core.internal.Bundles - 	Entry: /Users/abinashdas/.p2/pool/plugins/org.eclipse.m2e.maven.runtime_3.9.1100.20250811-2018/jars/maven-compat-3.9.11.jar
2026-02-24 12:41:45,973 [Worker-23: Launching Executing install in _Users_abinashdas_Desktop_KodeWala java_mavenDemo] INFO  o.eclipse.m2e.core.internal.Bundles - 	Entry: /Users/abinashdas/.p2/pool/plugins/org.eclipse.m2e.maven.runtime_3.9.1100.20250811-2018/jars/maven-core-3.9.11.jar
2026-02-24 12:41:45,974 [Worker-23: Launching Executing install in _Users_abinashdas_Desktop_KodeWala java_mavenDemo] INFO  o.eclipse.m2e.core.internal.Bundles - 	Entry: /Users/abinashdas/.p2/pool/plugins/org.eclipse.m2e.maven.runtime_3.9.1100.20250811-2018/jars/maven-embedder-3.9.11.jar
2026-02-24 12:41:45,974 [Worker-23: Launching Executing install in _Users_abinashdas_Desktop_KodeWala java_mavenDemo] INFO  o.eclipse.m2e.core.internal.Bundles - 	Entry: /Users/abinashdas/.p2/pool/plugins/org.eclipse.m2e.maven.runtime_3.9.1100.20250811-2018/jars/maven-model-3.9.11.jar
2026-02-24 12:41:45,974 [Worker-23: Launching Executing install in _Users_abinashdas_Desktop_KodeWala java_mavenDemo] INFO  o.eclipse.m2e.core.internal.Bundles - 	Entry: /Users/abinashdas/.p2/pool/plugins/org.eclipse.m2e.maven.runtime_3.9.1100.20250811-2018/jars/maven-model-builder-3.9.11.jar
2026-02-24 12:41:45,974 [Worker-23: Launching Executing install in _Users_abinashdas_Desktop_KodeWala java_mavenDemo] INFO  o.eclipse.m2e.core.internal.Bundles - 	Entry: /Users/abinashdas/.p2/pool/plugins/org.eclipse.m2e.maven.runtime_3.9.1100.20250811-2018/jars/maven-plugin-api-3.9.11.jar
2026-02-24 12:41:45,974 [Worker-23: Launching Executing install in _Users_abinashdas_Desktop_KodeWala java_mavenDemo] INFO  o.eclipse.m2e.core.internal.Bundles - 	Entry: /Users/abinashdas/.p2/pool/plugins/org.eclipse.m2e.maven.runtime_3.9.1100.20250811-2018/jars/maven-repository-metadata-3.9.11.jar
2026-02-24 12:41:45,975 [Worker-23: Launching Executing install in _Users_abinashdas_Desktop_KodeWala java_mavenDemo] INFO  o.eclipse.m2e.core.internal.Bundles - 	Entry: /Users/abinashdas/.p2/pool/plugins/org.eclipse.m2e.maven.runtime_3.9.1100.20250811-2018/jars/maven-resolver-api-1.9.24.jar
2026-02-24 12:41:45,975 [Worker-23: Launching Executing install in _Users_abinashdas_Desktop_KodeWala java_mavenDemo] INFO  o.eclipse.m2e.core.internal.Bundles - 	Entry: /Users/abinashdas/.p2/pool/plugins/org.eclipse.m2e.maven.runtime_3.9.1100.20250811-2018/jars/maven-resolver-connector-basic-1.9.24.jar
2026-02-24 12:41:45,975 [Worker-23: Launching Executing install in _Users_abinashdas_Desktop_KodeWala java_mavenDemo] INFO  o.eclipse.m2e.core.internal.Bundles - 	Entry: /Users/abinashdas/.p2/pool/plugins/org.eclipse.m2e.maven.runtime_3.9.1100.20250811-2018/jars/maven-resolver-impl-1.9.24.jar
2026-02-24 12:41:45,975 [Worker-23: Launching Executing install in _Users_abinashdas_Desktop_KodeWala java_mavenDemo] INFO  o.eclipse.m2e.core.internal.Bundles - 	Entry: /Users/abinashdas/.p2/pool/plugins/org.eclipse.m2e.maven.runtime_3.9.1100.20250811-2018/jars/maven-resolver-named-locks-1.9.24.jar
2026-02-24 12:41:45,975 [Worker-23: Launching Executing install in _Users_abinashdas_Desktop_KodeWala java_mavenDemo] INFO  o.eclipse.m2e.core.internal.Bundles - 	Entry: /Users/abinashdas/.p2/pool/plugins/org.eclipse.m2e.maven.runtime_3.9.1100.20250811-2018/jars/maven-resolver-provider-3.9.11.jar
2026-02-24 12:41:45,975 [Worker-23: Launching Executing install in _Users_abinashdas_Desktop_KodeWala java_mavenDemo] INFO  o.eclipse.m2e.core.internal.Bundles - 	Entry: /Users/abinashdas/.p2/pool/plugins/org.eclipse.m2e.maven.runtime_3.9.1100.20250811-2018/jars/maven-resolver-spi-1.9.24.jar
2026-02-24 12:41:45,975 [Worker-23: Launching Executing install in _Users_abinashdas_Desktop_KodeWala java_mavenDemo] INFO  o.eclipse.m2e.core.internal.Bundles - 	Entry: /Users/abinashdas/.p2/pool/plugins/org.eclipse.m2e.maven.runtime_3.9.1100.20250811-2018/jars/maven-resolver-transport-file-1.9.24.jar
2026-02-24 12:41:45,975 [Worker-23: Launching Executing install in _Users_abinashdas_Desktop_KodeWala java_mavenDemo] INFO  o.eclipse.m2e.core.internal.Bundles - 	Entry: /Users/abinashdas/.p2/pool/plugins/org.eclipse.m2e.maven.runtime_3.9.1100.20250811-2018/jars/maven-resolver-transport-http-1.9.24.jar
2026-02-24 12:41:45,975 [Worker-23: Launching Executing install in _Users_abinashdas_Desktop_KodeWala java_mavenDemo] INFO  o.eclipse.m2e.core.internal.Bundles - 	Entry: /Users/abinashdas/.p2/pool/plugins/org.eclipse.m2e.maven.runtime_3.9.1100.20250811-2018/jars/maven-resolver-transport-wagon-1.9.24.jar
2026-02-24 12:41:45,976 [Worker-23: Launching Executing install in _Users_abinashdas_Desktop_KodeWala java_mavenDemo] INFO  o.eclipse.m2e.core.internal.Bundles - 	Entry: /Users/abinashdas/.p2/pool/plugins/org.eclipse.m2e.maven.runtime_3.9.1100.20250811-2018/jars/maven-resolver-util-1.9.24.jar
2026-02-24 12:41:45,976 [Worker-23: Launching Executing install in _Users_abinashdas_Desktop_KodeWala java_mavenDemo] INFO  o.eclipse.m2e.core.internal.Bundles - 	Entry: /Users/abinashdas/.p2/pool/plugins/org.eclipse.m2e.maven.runtime_3.9.1100.20250811-2018/jars/maven-settings-3.9.11.jar
2026-02-24 12:41:45,976 [Worker-23: Launching Executing install in _Users_abinashdas_Desktop_KodeWala java_mavenDemo] INFO  o.eclipse.m2e.core.internal.Bundles - 	Entry: /Users/abinashdas/.p2/pool/plugins/org.eclipse.m2e.maven.runtime_3.9.1100.20250811-2018/jars/maven-settings-builder-3.9.11.jar
2026-02-24 12:41:45,976 [Worker-23: Launching Executing install in _Users_abinashdas_Desktop_KodeWala java_mavenDemo] INFO  o.eclipse.m2e.core.internal.Bundles - 	Entry: /Users/abinashdas/.p2/pool/plugins/org.eclipse.m2e.maven.runtime_3.9.1100.20250811-2018/jars/maven-shared-utils-3.4.2.jar
2026-02-24 12:41:45,976 [Worker-23: Launching Executing install in _Users_abinashdas_Desktop_KodeWala java_mavenDemo] INFO  o.eclipse.m2e.core.internal.Bundles - 	Entry: /Users/abinashdas/.p2/pool/plugins/org.eclipse.m2e.maven.runtime_3.9.1100.20250811-2018/jars/org.eclipse.sisu.inject-0.9.0.M4.jar
2026-02-24 12:41:45,976 [Worker-23: Launching Executing install in _Users_abinashdas_Desktop_KodeWala java_mavenDemo] INFO  o.eclipse.m2e.core.internal.Bundles - 	Entry: /Users/abinashdas/.p2/pool/plugins/org.eclipse.m2e.maven.runtime_3.9.1100.20250811-2018/jars/org.eclipse.sisu.plexus-0.9.0.M4.jar
2026-02-24 12:41:45,976 [Worker-23: Launching Executing install in _Users_abinashdas_Desktop_KodeWala java_mavenDemo] INFO  o.eclipse.m2e.core.internal.Bundles - 	Entry: /Users/abinashdas/.p2/pool/plugins/org.eclipse.m2e.maven.runtime_3.9.1100.20250811-2018/jars/plexus-build-api-0.0.7.jar
2026-02-24 12:41:45,976 [Worker-23: Launching Executing install in _Users_abinashdas_Desktop_KodeWala java_mavenDemo] INFO  o.eclipse.m2e.core.internal.Bundles - 	Entry: /Users/abinashdas/.p2/pool/plugins/org.eclipse.m2e.maven.runtime_3.9.1100.20250811-2018/jars/plexus-build-api-1.2.0.jar
2026-02-24 12:41:45,976 [Worker-23: Launching Executing install in _Users_abinashdas_Desktop_KodeWala java_mavenDemo] INFO  o.eclipse.m2e.core.internal.Bundles - 	Entry: /Users/abinashdas/.p2/pool/plugins/org.eclipse.m2e.maven.runtime_3.9.1100.20250811-2018/jars/plexus-cipher-2.0.jar
2026-02-24 12:41:45,976 [Worker-23: Launching Executing install in _Users_abinashdas_Desktop_KodeWala java_mavenDemo] INFO  o.eclipse.m2e.core.internal.Bundles - 	Entry: /Users/abinashdas/.p2/pool/plugins/org.eclipse.m2e.maven.runtime_3.9.1100.20250811-2018/jars/plexus-classworlds-2.9.0.jar
2026-02-24 12:41:45,976 [Worker-23: Launching Executing install in _Users_abinashdas_Desktop_KodeWala java_mavenDemo] INFO  o.eclipse.m2e.core.internal.Bundles - 	Entry: /Users/abinashdas/.p2/pool/plugins/org.eclipse.m2e.maven.runtime_3.9.1100.20250811-2018/jars/plexus-component-annotations-2.2.0.jar
2026-02-24 12:41:45,976 [Worker-23: Launching Executing install in _Users_abinashdas_Desktop_KodeWala java_mavenDemo] INFO  o.eclipse.m2e.core.internal.Bundles - 	Entry: /Users/abinashdas/.p2/pool/plugins/org.eclipse.m2e.maven.runtime_3.9.1100.20250811-2018/jars/plexus-interpolation-1.28.jar
2026-02-24 12:41:45,977 [Worker-23: Launching Executing install in _Users_abinashdas_Desktop_KodeWala java_mavenDemo] INFO  o.eclipse.m2e.core.internal.Bundles - 	Entry: /Users/abinashdas/.p2/pool/plugins/org.eclipse.m2e.maven.runtime_3.9.1100.20250811-2018/jars/plexus-sec-dispatcher-2.0.jar
2026-02-24 12:41:45,977 [Worker-23: Launching Executing install in _Users_abinashdas_Desktop_KodeWala java_mavenDemo] INFO  o.eclipse.m2e.core.internal.Bundles - 	Entry: /Users/abinashdas/.p2/pool/plugins/org.eclipse.m2e.maven.runtime_3.9.1100.20250811-2018/jars/plexus-utils-3.6.0.jar
2026-02-24 12:41:45,977 [Worker-23: Launching Executing install in _Users_abinashdas_Desktop_KodeWala java_mavenDemo] INFO  o.eclipse.m2e.core.internal.Bundles - 	Entry: /Users/abinashdas/.p2/pool/plugins/org.eclipse.m2e.maven.runtime_3.9.1100.20250811-2018/jars/wagon-file-3.5.3.jar
2026-02-24 12:41:45,977 [Worker-23: Launching Executing install in _Users_abinashdas_Desktop_KodeWala java_mavenDemo] INFO  o.eclipse.m2e.core.internal.Bundles - 	Entry: /Users/abinashdas/.p2/pool/plugins/org.eclipse.m2e.maven.runtime_3.9.1100.20250811-2018/jars/wagon-http-3.5.3.jar
2026-02-24 12:41:45,977 [Worker-23: Launching Executing install in _Users_abinashdas_Desktop_KodeWala java_mavenDemo] INFO  o.eclipse.m2e.core.internal.Bundles - 	Entry: /Users/abinashdas/.p2/pool/plugins/org.eclipse.m2e.maven.runtime_3.9.1100.20250811-2018/jars/wagon-http-shared-3.5.3.jar
2026-02-24 12:41:45,977 [Worker-23: Launching Executing install in _Users_abinashdas_Desktop_KodeWala java_mavenDemo] INFO  o.eclipse.m2e.core.internal.Bundles - 	Entry: /Users/abinashdas/.p2/pool/plugins/org.eclipse.m2e.maven.runtime_3.9.1100.20250811-2018/jars/wagon-provider-api-3.5.3.jar
2026-02-24 12:41:45,977 [Worker-23: Launching Executing install in _Users_abinashdas_Desktop_KodeWala java_mavenDemo] INFO  o.eclipse.m2e.core.internal.Bundles - getClasspathEntries(Bundle=com.google.guava_33.5.0.jre [2031])
2026-02-24 12:41:45,978 [Worker-23: Launching Executing install in _Users_abinashdas_Desktop_KodeWala java_mavenDemo] INFO  o.eclipse.m2e.core.internal.Bundles - 	Entry: /Users/abinashdas/.p2/pool/plugins/com.google.guava_33.5.0.jre.jar
2026-02-24 12:41:45,978 [Worker-23: Launching Executing install in _Users_abinashdas_Desktop_KodeWala java_mavenDemo] INFO  o.eclipse.m2e.core.internal.Bundles - getClasspathEntries(Bundle=slf4j.api_2.0.17 [2009])
2026-02-24 12:41:45,978 [Worker-23: Launching Executing install in _Users_abinashdas_Desktop_KodeWala java_mavenDemo] INFO  o.eclipse.m2e.core.internal.Bundles - 	Entry: /Users/abinashdas/.p2/pool/plugins/slf4j.api_2.0.17.jar
2026-02-24 12:41:45,978 [Worker-23: Launching Executing install in _Users_abinashdas_Desktop_KodeWala java_mavenDemo] INFO  o.eclipse.m2e.core.internal.Bundles - getClasspathEntries(Bundle=jakarta.inject.jakarta.inject-api_1.0.5 [1040])
2026-02-24 12:41:45,978 [Worker-23: Launching Executing install in _Users_abinashdas_Desktop_KodeWala java_mavenDemo] INFO  o.eclipse.m2e.core.internal.Bundles - 	Entry: /Users/abinashdas/.p2/pool/plugins/jakarta.inject.jakarta.inject-api_1.0.5.jar
2026-02-24 12:41:45,978 [Worker-23: Launching Executing install in _Users_abinashdas_Desktop_KodeWala java_mavenDemo] INFO  o.eclipse.m2e.core.internal.Bundles - getClasspathEntries(Bundle=jakarta.annotation-api_1.3.5 [1036])
2026-02-24 12:41:45,979 [Worker-23: Launching Executing install in _Users_abinashdas_Desktop_KodeWala java_mavenDemo] INFO  o.eclipse.m2e.core.internal.Bundles - 	Entry: /Users/abinashdas/.p2/pool/plugins/jakarta.annotation-api_1.3.5.jar
2026-02-24 12:41:45,979 [Worker-23: Launching Executing install in _Users_abinashdas_Desktop_KodeWala java_mavenDemo] INFO  o.eclipse.m2e.core.internal.Bundles - getClasspathEntries(Bundle=org.apache.commons.cli_1.11.0 [2043])
2026-02-24 12:41:45,979 [Worker-23: Launching Executing install in _Users_abinashdas_Desktop_KodeWala java_mavenDemo] INFO  o.eclipse.m2e.core.internal.Bundles - 	Entry: /Users/abinashdas/.p2/pool/plugins/org.apache.commons.cli_1.11.0.jar
2026-02-24 12:41:45,979 [Worker-23: Launching Executing install in _Users_abinashdas_Desktop_KodeWala java_mavenDemo] INFO  o.eclipse.m2e.core.internal.Bundles - getClasspathEntries(Bundle=org.apache.commons.commons-codec_1.20.0 [1082])
2026-02-24 12:41:45,979 [Worker-23: Launching Executing install in _Users_abinashdas_Desktop_KodeWala java_mavenDemo] INFO  o.eclipse.m2e.core.internal.Bundles - 	Entry: /Users/abinashdas/.p2/pool/plugins/org.apache.commons.commons-codec_1.20.0.jar
2026-02-24 12:41:45,979 [Worker-23: Launching Executing install in _Users_abinashdas_Desktop_KodeWala java_mavenDemo] INFO  o.eclipse.m2e.core.internal.Bundles - getClasspathEntries(Bundle=com.google.guava.failureaccess_1.0.3 [1024])
2026-02-24 12:41:45,979 [Worker-23: Launching Executing install in _Users_abinashdas_Desktop_KodeWala java_mavenDemo] INFO  o.eclipse.m2e.core.internal.Bundles - 	Entry: /Users/abinashdas/.p2/pool/plugins/com.google.guava.failureaccess_1.0.3.jar
2026-02-24 12:41:45,981 [Worker-23: Launching Executing install in _Users_abinashdas_Desktop_KodeWala java_mavenDemo] INFO  o.e.m.i.launch.MavenLaunchDelegate - Run build in "/Users/abinashdas/Desktop/KodeWala java/mavenDemo":
2026-02-24 12:41:45,981 [Worker-23: Launching Executing install in _Users_abinashdas_Desktop_KodeWala java_mavenDemo] INFO  o.e.m.i.launch.MavenLaunchDelegate -  mvn  -B -Dstyle.color=always install
2026-02-24 12:45:58,892 [Worker-19: Building] INFO  o.a.m.s.f.DefaultMavenResourcesFiltering - skip non existing resourceDirectory /Users/abinashdas/Desktop/KodeWala java/mavenDemo/src/main/resources
2026-02-24 12:45:58,896 [Worker-19: Building] INFO  o.a.m.s.f.DefaultMavenResourcesFiltering - skip non existing resourceDirectory /Users/abinashdas/Desktop/KodeWala java/mavenDemo/src/test/resources
2026-02-24 12:45:58,897 [Worker-19: Building] WARN  o.apache.maven.project.MavenProject - Direct modification of compileSourceRoots through clear() is deprecated and will not work in Maven 4.0.0. Please use the add/remove methods instead. If you're using a plugin that causes this warning, please upgrade to the latest version and report an issue if the warning persists. To disable these warnings, set -Dmaven.project.sourceRoots.warningsDisabled=true on the command line, in the .mvn/maven.config file, or in project POM properties.
2026-02-24 12:45:58,899 [Worker-19: Building] WARN  o.apache.maven.project.MavenProject - Direct modification of compileSourceRoots through add() is deprecated and will not work in Maven 4.0.0. Please use the add/remove methods instead. If you're using a plugin that causes this warning, please upgrade to the latest version and report an issue if the warning persists. To disable these warnings, set -Dmaven.project.sourceRoots.warningsDisabled=true on the command line, in the .mvn/maven.config file, or in project POM properties.
2026-02-24 12:45:58,900 [Worker-19: Building] WARN  o.apache.maven.project.MavenProject - Direct modification of testCompileSourceRoots through clear() is deprecated and will not work in Maven 4.0.0. Please use the add/remove methods instead. If you're using a plugin that causes this warning, please upgrade to the latest version and report an issue if the warning persists. To disable these warnings, set -Dmaven.project.sourceRoots.warningsDisabled=true on the command line, in the .mvn/maven.config file, or in project POM properties.
2026-02-24 12:45:58,901 [Worker-19: Building] WARN  o.apache.maven.project.MavenProject - Direct modification of testCompileSourceRoots through add() is deprecated and will not work in Maven 4.0.0. Please use the add/remove methods instead. If you're using a plugin that causes this warning, please upgrade to the latest version and report an issue if the warning persists. To disable these warnings, set -Dmaven.project.sourceRoots.warningsDisabled=true on the command line, in the .mvn/maven.config file, or in project POM properties.
2026-02-25 11:29:46,327 [Worker-7: Loading available Gradle versions] INFO  o.e.b.c.i.u.g.PublishedGradleVersions - Gradle version information cache is up-to-date. Trying to read.
2026-02-25 11:30:56,470 [Worker-4: Building] INFO  o.a.m.s.f.DefaultMavenResourcesFiltering - Copying 0 resource from src/main/resources to target/classes
2026-02-25 11:30:56,478 [Worker-4: Building] INFO  o.a.m.s.f.DefaultMavenResourcesFiltering - Copying 0 resource from src/test/resources to target/test-classes
2026-02-25 11:30:57,192 [Worker-4: Building] WARN  o.apache.maven.project.MavenProject - Direct modification of compileSourceRoots through clear() is deprecated and will not work in Maven 4.0.0. Please use the add/remove methods instead. If you're using a plugin that causes this warning, please upgrade to the latest version and report an issue if the warning persists. To disable these warnings, set -Dmaven.project.sourceRoots.warningsDisabled=true on the command line, in the .mvn/maven.config file, or in project POM properties.
2026-02-25 11:30:57,194 [Worker-4: Building] WARN  o.apache.maven.project.MavenProject - Direct modification of compileSourceRoots through add() is deprecated and will not work in Maven 4.0.0. Please use the add/remove methods instead. If you're using a plugin that causes this warning, please upgrade to the latest version and report an issue if the warning persists. To disable these warnings, set -Dmaven.project.sourceRoots.warningsDisabled=true on the command line, in the .mvn/maven.config file, or in project POM properties.
2026-02-25 11:30:57,196 [Worker-4: Building] WARN  o.apache.maven.project.MavenProject - Direct modification of testCompileSourceRoots through clear() is deprecated and will not work in Maven 4.0.0. Please use the add/remove methods instead. If you're using a plugin that causes this warning, please upgrade to the latest version and report an issue if the warning persists. To disable these warnings, set -Dmaven.project.sourceRoots.warningsDisabled=true on the command line, in the .mvn/maven.config file, or in project POM properties.
2026-02-25 11:30:57,197 [Worker-4: Building] WARN  o.apache.maven.project.MavenProject - Direct modification of testCompileSourceRoots through add() is deprecated and will not work in Maven 4.0.0. Please use the add/remove methods instead. If you're using a plugin that causes this warning, please upgrade to the latest version and report an issue if the warning persists. To disable these warnings, set -Dmaven.project.sourceRoots.warningsDisabled=true on the command line, in the .mvn/maven.config file, or in project POM properties.
2026-02-25 11:31:06,191 [Worker-1: Building] INFO  o.a.m.s.f.DefaultMavenResourcesFiltering - Copying 0 resource from src/main/resources to target/classes
2026-02-25 11:31:06,200 [Worker-1: Building] INFO  o.a.m.s.f.DefaultMavenResourcesFiltering - Copying 0 resource from src/test/resources to target/test-classes
2026-02-25 11:31:06,201 [Worker-1: Building] WARN  o.apache.maven.project.MavenProject - Direct modification of compileSourceRoots through clear() is deprecated and will not work in Maven 4.0.0. Please use the add/remove methods instead. If you're using a plugin that causes this warning, please upgrade to the latest version and report an issue if the warning persists. To disable these warnings, set -Dmaven.project.sourceRoots.warningsDisabled=true on the command line, in the .mvn/maven.config file, or in project POM properties.
2026-02-25 11:31:06,202 [Worker-1: Building] WARN  o.apache.maven.project.MavenProject - Direct modification of compileSourceRoots through add() is deprecated and will not work in Maven 4.0.0. Please use the add/remove methods instead. If you're using a plugin that causes this warning, please upgrade to the latest version and report an issue if the warning persists. To disable these warnings, set -Dmaven.project.sourceRoots.warningsDisabled=true on the command line, in the .mvn/maven.config file, or in project POM properties.
2026-02-25 11:31:06,203 [Worker-1: Building] WARN  o.apache.maven.project.MavenProject - Direct modification of testCompileSourceRoots through clear() is deprecated and will not work in Maven 4.0.0. Please use the add/remove methods instead. If you're using a plugin that causes this warning, please upgrade to the latest version and report an issue if the warning persists. To disable these warnings, set -Dmaven.project.sourceRoots.warningsDisabled=true on the command line, in the .mvn/maven.config file, or in project POM properties.
2026-02-25 11:31:06,204 [Worker-1: Building] WARN  o.apache.maven.project.MavenProject - Direct modification of testCompileSourceRoots through add() is deprecated and will not work in Maven 4.0.0. Please use the add/remove methods instead. If you're using a plugin that causes this warning, please upgrade to the latest version and report an issue if the warning persists. To disable these warnings, set -Dmaven.project.sourceRoots.warningsDisabled=true on the command line, in the .mvn/maven.config file, or in project POM properties.
2026-02-25 11:31:45,232 [Worker-7: Building] INFO  o.a.m.s.f.DefaultMavenResourcesFiltering - Copying 0 resource from src/main/resources to target/classes
2026-02-25 11:31:45,238 [Worker-7: Building] INFO  o.a.m.s.f.DefaultMavenResourcesFiltering - Copying 0 resource from src/test/resources to target/test-classes
2026-02-25 11:31:45,256 [Worker-7: Building] WARN  o.apache.maven.project.MavenProject - Direct modification of compileSourceRoots through clear() is deprecated and will not work in Maven 4.0.0. Please use the add/remove methods instead. If you're using a plugin that causes this warning, please upgrade to the latest version and report an issue if the warning persists. To disable these warnings, set -Dmaven.project.sourceRoots.warningsDisabled=true on the command line, in the .mvn/maven.config file, or in project POM properties.
2026-02-25 11:31:45,260 [Worker-7: Building] WARN  o.apache.maven.project.MavenProject - Direct modification of compileSourceRoots through add() is deprecated and will not work in Maven 4.0.0. Please use the add/remove methods instead. If you're using a plugin that causes this warning, please upgrade to the latest version and report an issue if the warning persists. To disable these warnings, set -Dmaven.project.sourceRoots.warningsDisabled=true on the command line, in the .mvn/maven.config file, or in project POM properties.
2026-02-25 11:31:45,261 [Worker-7: Building] WARN  o.apache.maven.project.MavenProject - Direct modification of testCompileSourceRoots through clear() is deprecated and will not work in Maven 4.0.0. Please use the add/remove methods instead. If you're using a plugin that causes this warning, please upgrade to the latest version and report an issue if the warning persists. To disable these warnings, set -Dmaven.project.sourceRoots.warningsDisabled=true on the command line, in the .mvn/maven.config file, or in project POM properties.
2026-02-25 11:31:45,262 [Worker-7: Building] WARN  o.apache.maven.project.MavenProject - Direct modification of testCompileSourceRoots through add() is deprecated and will not work in Maven 4.0.0. Please use the add/remove methods instead. If you're using a plugin that causes this warning, please upgrade to the latest version and report an issue if the warning persists. To disable these warnings, set -Dmaven.project.sourceRoots.warningsDisabled=true on the command line, in the .mvn/maven.config file, or in project POM properties.
2026-02-25 11:32:17,443 [Worker-6: Building] INFO  o.a.m.s.f.DefaultMavenResourcesFiltering - Copying 0 resource from src/main/resources to target/classes
2026-02-25 11:32:17,456 [Worker-6: Building] INFO  o.a.m.s.f.DefaultMavenResourcesFiltering - Copying 0 resource from src/test/resources to target/test-classes
2026-02-25 11:32:17,457 [Worker-6: Building] WARN  o.apache.maven.project.MavenProject - Direct modification of compileSourceRoots through clear() is deprecated and will not work in Maven 4.0.0. Please use the add/remove methods instead. If you're using a plugin that causes this warning, please upgrade to the latest version and report an issue if the warning persists. To disable these warnings, set -Dmaven.project.sourceRoots.warningsDisabled=true on the command line, in the .mvn/maven.config file, or in project POM properties.
2026-02-25 11:32:17,460 [Worker-6: Building] WARN  o.apache.maven.project.MavenProject - Direct modification of compileSourceRoots through add() is deprecated and will not work in Maven 4.0.0. Please use the add/remove methods instead. If you're using a plugin that causes this warning, please upgrade to the latest version and report an issue if the warning persists. To disable these warnings, set -Dmaven.project.sourceRoots.warningsDisabled=true on the command line, in the .mvn/maven.config file, or in project POM properties.
2026-02-25 11:32:17,461 [Worker-6: Building] WARN  o.apache.maven.project.MavenProject - Direct modification of testCompileSourceRoots through clear() is deprecated and will not work in Maven 4.0.0. Please use the add/remove methods instead. If you're using a plugin that causes this warning, please upgrade to the latest version and report an issue if the warning persists. To disable these warnings, set -Dmaven.project.sourceRoots.warningsDisabled=true on the command line, in the .mvn/maven.config file, or in project POM properties.
2026-02-25 11:32:17,462 [Worker-6: Building] WARN  o.apache.maven.project.MavenProject - Direct modification of testCompileSourceRoots through add() is deprecated and will not work in Maven 4.0.0. Please use the add/remove methods instead. If you're using a plugin that causes this warning, please upgrade to the latest version and report an issue if the warning persists. To disable these warnings, set -Dmaven.project.sourceRoots.warningsDisabled=true on the command line, in the .mvn/maven.config file, or in project POM properties.
2026-02-25 11:47:34,547 [Worker-19: Launching mavenrun-90c229a4-41c9-4ef7-8c81-3aafc4ae7e6f] INFO  o.eclipse.m2e.core.internal.Bundles - getClasspathEntries(Bundle=org.eclipse.m2e.maven.runtime_3.9.1100.20250811-2018 [1644])
2026-02-25 11:47:34,550 [Worker-19: Launching mavenrun-90c229a4-41c9-4ef7-8c81-3aafc4ae7e6f] INFO  o.eclipse.m2e.core.internal.Bundles - 	Entry: /Users/abinashdas/.p2/pool/plugins/org.eclipse.m2e.maven.runtime_3.9.1100.20250811-2018
2026-02-25 11:47:34,550 [Worker-19: Launching mavenrun-90c229a4-41c9-4ef7-8c81-3aafc4ae7e6f] INFO  o.eclipse.m2e.core.internal.Bundles - 	Entry: /Users/abinashdas/.p2/pool/plugins/org.eclipse.m2e.maven.runtime_3.9.1100.20250811-2018/jars/aopalliance-1.0.jar
2026-02-25 11:47:34,550 [Worker-19: Launching mavenrun-90c229a4-41c9-4ef7-8c81-3aafc4ae7e6f] INFO  o.eclipse.m2e.core.internal.Bundles - 	Entry: /Users/abinashdas/.p2/pool/plugins/org.eclipse.m2e.maven.runtime_3.9.1100.20250811-2018/jars/asm-9.8.jar
2026-02-25 11:47:34,550 [Worker-19: Launching mavenrun-90c229a4-41c9-4ef7-8c81-3aafc4ae7e6f] INFO  o.eclipse.m2e.core.internal.Bundles - 	Entry: /Users/abinashdas/.p2/pool/plugins/org.eclipse.m2e.maven.runtime_3.9.1100.20250811-2018/jars/error_prone_annotations-2.38.0.jar
2026-02-25 11:47:34,550 [Worker-19: Launching mavenrun-90c229a4-41c9-4ef7-8c81-3aafc4ae7e6f] INFO  o.eclipse.m2e.core.internal.Bundles - 	Entry: /Users/abinashdas/.p2/pool/plugins/org.eclipse.m2e.maven.runtime_3.9.1100.20250811-2018/jars/gson-2.13.1.jar
2026-02-25 11:47:34,550 [Worker-19: Launching mavenrun-90c229a4-41c9-4ef7-8c81-3aafc4ae7e6f] INFO  o.eclipse.m2e.core.internal.Bundles - 	Entry: /Users/abinashdas/.p2/pool/plugins/org.eclipse.m2e.maven.runtime_3.9.1100.20250811-2018/jars/guice-5.1.0-classes.jar
2026-02-25 11:47:34,551 [Worker-19: Launching mavenrun-90c229a4-41c9-4ef7-8c81-3aafc4ae7e6f] INFO  o.eclipse.m2e.core.internal.Bundles - 	Entry: /Users/abinashdas/.p2/pool/plugins/org.eclipse.m2e.maven.runtime_3.9.1100.20250811-2018/jars/httpclient-4.5.14.jar
2026-02-25 11:47:34,551 [Worker-19: Launching mavenrun-90c229a4-41c9-4ef7-8c81-3aafc4ae7e6f] INFO  o.eclipse.m2e.core.internal.Bundles - 	Entry: /Users/abinashdas/.p2/pool/plugins/org.eclipse.m2e.maven.runtime_3.9.1100.20250811-2018/jars/httpcore-4.4.16.jar
2026-02-25 11:47:34,551 [Worker-19: Launching mavenrun-90c229a4-41c9-4ef7-8c81-3aafc4ae7e6f] INFO  o.eclipse.m2e.core.internal.Bundles - 	Entry: /Users/abinashdas/.p2/pool/plugins/org.eclipse.m2e.maven.runtime_3.9.1100.20250811-2018/jars/jansi-2.4.2.jar
2026-02-25 11:47:34,551 [Worker-19: Launching mavenrun-90c229a4-41c9-4ef7-8c81-3aafc4ae7e6f] INFO  o.eclipse.m2e.core.internal.Bundles - 	Entry: /Users/abinashdas/.p2/pool/plugins/org.eclipse.m2e.maven.runtime_3.9.1100.20250811-2018/jars/jcl-over-slf4j-1.7.36.jar
2026-02-25 11:47:34,551 [Worker-19: Launching mavenrun-90c229a4-41c9-4ef7-8c81-3aafc4ae7e6f] INFO  o.eclipse.m2e.core.internal.Bundles - 	Entry: /Users/abinashdas/.p2/pool/plugins/org.eclipse.m2e.maven.runtime_3.9.1100.20250811-2018/jars/maven-artifact-3.9.11.jar
2026-02-25 11:47:34,551 [Worker-19: Launching mavenrun-90c229a4-41c9-4ef7-8c81-3aafc4ae7e6f] INFO  o.eclipse.m2e.core.internal.Bundles - 	Entry: /Users/abinashdas/.p2/pool/plugins/org.eclipse.m2e.maven.runtime_3.9.1100.20250811-2018/jars/maven-builder-support-3.9.11.jar
2026-02-25 11:47:34,551 [Worker-19: Launching mavenrun-90c229a4-41c9-4ef7-8c81-3aafc4ae7e6f] INFO  o.eclipse.m2e.core.internal.Bundles - 	Entry: /Users/abinashdas/.p2/pool/plugins/org.eclipse.m2e.maven.runtime_3.9.1100.20250811-2018/jars/maven-compat-3.9.11.jar
2026-02-25 11:47:34,551 [Worker-19: Launching mavenrun-90c229a4-41c9-4ef7-8c81-3aafc4ae7e6f] INFO  o.eclipse.m2e.core.internal.Bundles - 	Entry: /Users/abinashdas/.p2/pool/plugins/org.eclipse.m2e.maven.runtime_3.9.1100.20250811-2018/jars/maven-core-3.9.11.jar
2026-02-25 11:47:34,552 [Worker-19: Launching mavenrun-90c229a4-41c9-4ef7-8c81-3aafc4ae7e6f] INFO  o.eclipse.m2e.core.internal.Bundles - 	Entry: /Users/abinashdas/.p2/pool/plugins/org.eclipse.m2e.maven.runtime_3.9.1100.20250811-2018/jars/maven-embedder-3.9.11.jar
2026-02-25 11:47:34,552 [Worker-19: Launching mavenrun-90c229a4-41c9-4ef7-8c81-3aafc4ae7e6f] INFO  o.eclipse.m2e.core.internal.Bundles - 	Entry: /Users/abinashdas/.p2/pool/plugins/org.eclipse.m2e.maven.runtime_3.9.1100.20250811-2018/jars/maven-model-3.9.11.jar
2026-02-25 11:47:34,552 [Worker-19: Launching mavenrun-90c229a4-41c9-4ef7-8c81-3aafc4ae7e6f] INFO  o.eclipse.m2e.core.internal.Bundles - 	Entry: /Users/abinashdas/.p2/pool/plugins/org.eclipse.m2e.maven.runtime_3.9.1100.20250811-2018/jars/maven-model-builder-3.9.11.jar
2026-02-25 11:47:34,552 [Worker-19: Launching mavenrun-90c229a4-41c9-4ef7-8c81-3aafc4ae7e6f] INFO  o.eclipse.m2e.core.internal.Bundles - 	Entry: /Users/abinashdas/.p2/pool/plugins/org.eclipse.m2e.maven.runtime_3.9.1100.20250811-2018/jars/maven-plugin-api-3.9.11.jar
2026-02-25 11:47:34,552 [Worker-19: Launching mavenrun-90c229a4-41c9-4ef7-8c81-3aafc4ae7e6f] INFO  o.eclipse.m2e.core.internal.Bundles - 	Entry: /Users/abinashdas/.p2/pool/plugins/org.eclipse.m2e.maven.runtime_3.9.1100.20250811-2018/jars/maven-repository-metadata-3.9.11.jar
2026-02-25 11:47:34,552 [Worker-19: Launching mavenrun-90c229a4-41c9-4ef7-8c81-3aafc4ae7e6f] INFO  o.eclipse.m2e.core.internal.Bundles - 	Entry: /Users/abinashdas/.p2/pool/plugins/org.eclipse.m2e.maven.runtime_3.9.1100.20250811-2018/jars/maven-resolver-api-1.9.24.jar
2026-02-25 11:47:34,552 [Worker-19: Launching mavenrun-90c229a4-41c9-4ef7-8c81-3aafc4ae7e6f] INFO  o.eclipse.m2e.core.internal.Bundles - 	Entry: /Users/abinashdas/.p2/pool/plugins/org.eclipse.m2e.maven.runtime_3.9.1100.20250811-2018/jars/maven-resolver-connector-basic-1.9.24.jar
2026-02-25 11:47:34,553 [Worker-19: Launching mavenrun-90c229a4-41c9-4ef7-8c81-3aafc4ae7e6f] INFO  o.eclipse.m2e.core.internal.Bundles - 	Entry: /Users/abinashdas/.p2/pool/plugins/org.eclipse.m2e.maven.runtime_3.9.1100.20250811-2018/jars/maven-resolver-impl-1.9.24.jar
2026-02-25 11:47:34,553 [Worker-19: Launching mavenrun-90c229a4-41c9-4ef7-8c81-3aafc4ae7e6f] INFO  o.eclipse.m2e.core.internal.Bundles - 	Entry: /Users/abinashdas/.p2/pool/plugins/org.eclipse.m2e.maven.runtime_3.9.1100.20250811-2018/jars/maven-resolver-named-locks-1.9.24.jar
2026-02-25 11:47:34,554 [Worker-19: Launching mavenrun-90c229a4-41c9-4ef7-8c81-3aafc4ae7e6f] INFO  o.eclipse.m2e.core.internal.Bundles - 	Entry: /Users/abinashdas/.p2/pool/plugins/org.eclipse.m2e.maven.runtime_3.9.1100.20250811-2018/jars/maven-resolver-provider-3.9.11.jar
2026-02-25 11:47:34,554 [Worker-19: Launching mavenrun-90c229a4-41c9-4ef7-8c81-3aafc4ae7e6f] INFO  o.eclipse.m2e.core.internal.Bundles - 	Entry: /Users/abinashdas/.p2/pool/plugins/org.eclipse.m2e.maven.runtime_3.9.1100.20250811-2018/jars/maven-resolver-spi-1.9.24.jar
2026-02-25 11:47:34,554 [Worker-19: Launching mavenrun-90c229a4-41c9-4ef7-8c81-3aafc4ae7e6f] INFO  o.eclipse.m2e.core.internal.Bundles - 	Entry: /Users/abinashdas/.p2/pool/plugins/org.eclipse.m2e.maven.runtime_3.9.1100.20250811-2018/jars/maven-resolver-transport-file-1.9.24.jar
2026-02-25 11:47:34,554 [Worker-19: Launching mavenrun-90c229a4-41c9-4ef7-8c81-3aafc4ae7e6f] INFO  o.eclipse.m2e.core.internal.Bundles - 	Entry: /Users/abinashdas/.p2/pool/plugins/org.eclipse.m2e.maven.runtime_3.9.1100.20250811-2018/jars/maven-resolver-transport-http-1.9.24.jar
2026-02-25 11:47:34,554 [Worker-19: Launching mavenrun-90c229a4-41c9-4ef7-8c81-3aafc4ae7e6f] INFO  o.eclipse.m2e.core.internal.Bundles - 	Entry: /Users/abinashdas/.p2/pool/plugins/org.eclipse.m2e.maven.runtime_3.9.1100.20250811-2018/jars/maven-resolver-transport-wagon-1.9.24.jar
2026-02-25 11:47:34,555 [Worker-19: Launching mavenrun-90c229a4-41c9-4ef7-8c81-3aafc4ae7e6f] INFO  o.eclipse.m2e.core.internal.Bundles - 	Entry: /Users/abinashdas/.p2/pool/plugins/org.eclipse.m2e.maven.runtime_3.9.1100.20250811-2018/jars/maven-resolver-util-1.9.24.jar
2026-02-25 11:47:34,555 [Worker-19: Launching mavenrun-90c229a4-41c9-4ef7-8c81-3aafc4ae7e6f] INFO  o.eclipse.m2e.core.internal.Bundles - 	Entry: /Users/abinashdas/.p2/pool/plugins/org.eclipse.m2e.maven.runtime_3.9.1100.20250811-2018/jars/maven-settings-3.9.11.jar
2026-02-25 11:47:34,555 [Worker-19: Launching mavenrun-90c229a4-41c9-4ef7-8c81-3aafc4ae7e6f] INFO  o.eclipse.m2e.core.internal.Bundles - 	Entry: /Users/abinashdas/.p2/pool/plugins/org.eclipse.m2e.maven.runtime_3.9.1100.20250811-2018/jars/maven-settings-builder-3.9.11.jar
2026-02-25 11:47:34,555 [Worker-19: Launching mavenrun-90c229a4-41c9-4ef7-8c81-3aafc4ae7e6f] INFO  o.eclipse.m2e.core.internal.Bundles - 	Entry: /Users/abinashdas/.p2/pool/plugins/org.eclipse.m2e.maven.runtime_3.9.1100.20250811-2018/jars/maven-shared-utils-3.4.2.jar
2026-02-25 11:47:34,555 [Worker-19: Launching mavenrun-90c229a4-41c9-4ef7-8c81-3aafc4ae7e6f] INFO  o.eclipse.m2e.core.internal.Bundles - 	Entry: /Users/abinashdas/.p2/pool/plugins/org.eclipse.m2e.maven.runtime_3.9.1100.20250811-2018/jars/org.eclipse.sisu.inject-0.9.0.M4.jar
2026-02-25 11:47:34,556 [Worker-19: Launching mavenrun-90c229a4-41c9-4ef7-8c81-3aafc4ae7e6f] INFO  o.eclipse.m2e.core.internal.Bundles - 	Entry: /Users/abinashdas/.p2/pool/plugins/org.eclipse.m2e.maven.runtime_3.9.1100.20250811-2018/jars/org.eclipse.sisu.plexus-0.9.0.M4.jar
2026-02-25 11:47:34,556 [Worker-19: Launching mavenrun-90c229a4-41c9-4ef7-8c81-3aafc4ae7e6f] INFO  o.eclipse.m2e.core.internal.Bundles - 	Entry: /Users/abinashdas/.p2/pool/plugins/org.eclipse.m2e.maven.runtime_3.9.1100.20250811-2018/jars/plexus-build-api-0.0.7.jar
2026-02-25 11:47:34,556 [Worker-19: Launching mavenrun-90c229a4-41c9-4ef7-8c81-3aafc4ae7e6f] INFO  o.eclipse.m2e.core.internal.Bundles - 	Entry: /Users/abinashdas/.p2/pool/plugins/org.eclipse.m2e.maven.runtime_3.9.1100.20250811-2018/jars/plexus-build-api-1.2.0.jar
2026-02-25 11:47:34,556 [Worker-19: Launching mavenrun-90c229a4-41c9-4ef7-8c81-3aafc4ae7e6f] INFO  o.eclipse.m2e.core.internal.Bundles - 	Entry: /Users/abinashdas/.p2/pool/plugins/org.eclipse.m2e.maven.runtime_3.9.1100.20250811-2018/jars/plexus-cipher-2.0.jar
2026-02-25 11:47:34,556 [Worker-19: Launching mavenrun-90c229a4-41c9-4ef7-8c81-3aafc4ae7e6f] INFO  o.eclipse.m2e.core.internal.Bundles - 	Entry: /Users/abinashdas/.p2/pool/plugins/org.eclipse.m2e.maven.runtime_3.9.1100.20250811-2018/jars/plexus-classworlds-2.9.0.jar
2026-02-25 11:47:34,556 [Worker-19: Launching mavenrun-90c229a4-41c9-4ef7-8c81-3aafc4ae7e6f] INFO  o.eclipse.m2e.core.internal.Bundles - 	Entry: /Users/abinashdas/.p2/pool/plugins/org.eclipse.m2e.maven.runtime_3.9.1100.20250811-2018/jars/plexus-component-annotations-2.2.0.jar
2026-02-25 11:47:34,556 [Worker-19: Launching mavenrun-90c229a4-41c9-4ef7-8c81-3aafc4ae7e6f] INFO  o.eclipse.m2e.core.internal.Bundles - 	Entry: /Users/abinashdas/.p2/pool/plugins/org.eclipse.m2e.maven.runtime_3.9.1100.20250811-2018/jars/plexus-interpolation-1.28.jar
2026-02-25 11:47:34,557 [Worker-19: Launching mavenrun-90c229a4-41c9-4ef7-8c81-3aafc4ae7e6f] INFO  o.eclipse.m2e.core.internal.Bundles - 	Entry: /Users/abinashdas/.p2/pool/plugins/org.eclipse.m2e.maven.runtime_3.9.1100.20250811-2018/jars/plexus-sec-dispatcher-2.0.jar
2026-02-25 11:47:34,557 [Worker-19: Launching mavenrun-90c229a4-41c9-4ef7-8c81-3aafc4ae7e6f] INFO  o.eclipse.m2e.core.internal.Bundles - 	Entry: /Users/abinashdas/.p2/pool/plugins/org.eclipse.m2e.maven.runtime_3.9.1100.20250811-2018/jars/plexus-utils-3.6.0.jar
2026-02-25 11:47:34,557 [Worker-19: Launching mavenrun-90c229a4-41c9-4ef7-8c81-3aafc4ae7e6f] INFO  o.eclipse.m2e.core.internal.Bundles - 	Entry: /Users/abinashdas/.p2/pool/plugins/org.eclipse.m2e.maven.runtime_3.9.1100.20250811-2018/jars/wagon-file-3.5.3.jar
2026-02-25 11:47:34,557 [Worker-19: Launching mavenrun-90c229a4-41c9-4ef7-8c81-3aafc4ae7e6f] INFO  o.eclipse.m2e.core.internal.Bundles - 	Entry: /Users/abinashdas/.p2/pool/plugins/org.eclipse.m2e.maven.runtime_3.9.1100.20250811-2018/jars/wagon-http-3.5.3.jar
2026-02-25 11:47:34,557 [Worker-19: Launching mavenrun-90c229a4-41c9-4ef7-8c81-3aafc4ae7e6f] INFO  o.eclipse.m2e.core.internal.Bundles - 	Entry: /Users/abinashdas/.p2/pool/plugins/org.eclipse.m2e.maven.runtime_3.9.1100.20250811-2018/jars/wagon-http-shared-3.5.3.jar
2026-02-25 11:47:34,558 [Worker-19: Launching mavenrun-90c229a4-41c9-4ef7-8c81-3aafc4ae7e6f] INFO  o.eclipse.m2e.core.internal.Bundles - 	Entry: /Users/abinashdas/.p2/pool/plugins/org.eclipse.m2e.maven.runtime_3.9.1100.20250811-2018/jars/wagon-provider-api-3.5.3.jar
2026-02-25 11:47:34,559 [Worker-19: Launching mavenrun-90c229a4-41c9-4ef7-8c81-3aafc4ae7e6f] INFO  o.eclipse.m2e.core.internal.Bundles - getClasspathEntries(Bundle=com.google.guava_33.5.0.jre [2031])
2026-02-25 11:47:34,559 [Worker-19: Launching mavenrun-90c229a4-41c9-4ef7-8c81-3aafc4ae7e6f] INFO  o.eclipse.m2e.core.internal.Bundles - 	Entry: /Users/abinashdas/.p2/pool/plugins/com.google.guava_33.5.0.jre.jar
2026-02-25 11:47:34,559 [Worker-19: Launching mavenrun-90c229a4-41c9-4ef7-8c81-3aafc4ae7e6f] INFO  o.eclipse.m2e.core.internal.Bundles - getClasspathEntries(Bundle=slf4j.api_2.0.17 [2009])
2026-02-25 11:47:34,559 [Worker-19: Launching mavenrun-90c229a4-41c9-4ef7-8c81-3aafc4ae7e6f] INFO  o.eclipse.m2e.core.internal.Bundles - 	Entry: /Users/abinashdas/.p2/pool/plugins/slf4j.api_2.0.17.jar
2026-02-25 11:47:34,560 [Worker-19: Launching mavenrun-90c229a4-41c9-4ef7-8c81-3aafc4ae7e6f] INFO  o.eclipse.m2e.core.internal.Bundles - getClasspathEntries(Bundle=jakarta.inject.jakarta.inject-api_1.0.5 [1040])
2026-02-25 11:47:34,560 [Worker-19: Launching mavenrun-90c229a4-41c9-4ef7-8c81-3aafc4ae7e6f] INFO  o.eclipse.m2e.core.internal.Bundles - 	Entry: /Users/abinashdas/.p2/pool/plugins/jakarta.inject.jakarta.inject-api_1.0.5.jar
2026-02-25 11:47:34,560 [Worker-19: Launching mavenrun-90c229a4-41c9-4ef7-8c81-3aafc4ae7e6f] INFO  o.eclipse.m2e.core.internal.Bundles - getClasspathEntries(Bundle=jakarta.annotation-api_1.3.5 [1036])
2026-02-25 11:47:34,560 [Worker-19: Launching mavenrun-90c229a4-41c9-4ef7-8c81-3aafc4ae7e6f] INFO  o.eclipse.m2e.core.internal.Bundles - 	Entry: /Users/abinashdas/.p2/pool/plugins/jakarta.annotation-api_1.3.5.jar
2026-02-25 11:47:34,560 [Worker-19: Launching mavenrun-90c229a4-41c9-4ef7-8c81-3aafc4ae7e6f] INFO  o.eclipse.m2e.core.internal.Bundles - getClasspathEntries(Bundle=org.apache.commons.cli_1.11.0 [2043])
2026-02-25 11:47:34,560 [Worker-19: Launching mavenrun-90c229a4-41c9-4ef7-8c81-3aafc4ae7e6f] INFO  o.eclipse.m2e.core.internal.Bundles - 	Entry: /Users/abinashdas/.p2/pool/plugins/org.apache.commons.cli_1.11.0.jar
2026-02-25 11:47:34,560 [Worker-19: Launching mavenrun-90c229a4-41c9-4ef7-8c81-3aafc4ae7e6f] INFO  o.eclipse.m2e.core.internal.Bundles - getClasspathEntries(Bundle=org.apache.commons.commons-codec_1.20.0 [1082])
2026-02-25 11:47:34,560 [Worker-19: Launching mavenrun-90c229a4-41c9-4ef7-8c81-3aafc4ae7e6f] INFO  o.eclipse.m2e.core.internal.Bundles - 	Entry: /Users/abinashdas/.p2/pool/plugins/org.apache.commons.commons-codec_1.20.0.jar
2026-02-25 11:47:34,560 [Worker-19: Launching mavenrun-90c229a4-41c9-4ef7-8c81-3aafc4ae7e6f] INFO  o.eclipse.m2e.core.internal.Bundles - getClasspathEntries(Bundle=com.google.guava.failureaccess_1.0.3 [1024])
2026-02-25 11:47:34,560 [Worker-19: Launching mavenrun-90c229a4-41c9-4ef7-8c81-3aafc4ae7e6f] INFO  o.eclipse.m2e.core.internal.Bundles - 	Entry: /Users/abinashdas/.p2/pool/plugins/com.google.guava.failureaccess_1.0.3.jar
2026-02-25 11:47:34,566 [Worker-19: Launching mavenrun-90c229a4-41c9-4ef7-8c81-3aafc4ae7e6f] INFO  o.e.m.i.launch.MavenLaunchDelegate - Run build in "/var/folders/bt/yrck1l4958l8zdf_kjsftwym0000gn/T/m2e-archetypeGenerator3911437696516677608":
2026-02-25 11:47:34,579 [Worker-19: Launching mavenrun-90c229a4-41c9-4ef7-8c81-3aafc4ae7e6f] INFO  o.e.m.i.launch.MavenLaunchDelegate -  mvn  -DjavaCompilerVersion=17 -DjunitVersion=5.11.0 -DarchetypeGroupId=org.apache.maven.archetypes -DarchetypeArtifactId=maven-archetype-quickstart -DarchetypeVersion=1.5 -DgroupId=com.kodewish -DartifactId=Junit_demo -Dversion=0.0.1-SNAPSHOT -Dpackage=com.kodewish -DoutputDirectory="/Users/abinashdas/Desktop/KodeWala java" -Dstyle.color=always -U archetype:generate
2026-02-25 11:48:40,135 [Worker-17: Creating maven-archetype-quickstart] INFO  o.e.m.c.i.p.ProjectConfigurationManager - Collecting project info '/pom.xml' /Users/abinashdas/Desktop/KodeWala java/Junit_demo/pom.xml
2026-02-25 11:48:40,887 [Worker-17: Creating maven-archetype-quickstart] INFO  o.e.m.c.i.l.LifecycleMappingFactory - Using org.eclipse.m2e.jdt.JarLifecycleMapping lifecycle mapping for MavenProject: com.kodewish:Junit_demo:0.0.1-SNAPSHOT @ /Users/abinashdas/Desktop/KodeWala java/Junit_demo/pom.xml.
2026-02-25 11:48:42,042 [Worker-17: Creating maven-archetype-quickstart] INFO  o.e.m.j.i.AbstractJavaProjectConfigurator - Adding source folder /Junit_demo/src/main/java
2026-02-25 11:48:42,047 [Worker-17: Creating maven-archetype-quickstart] INFO  o.e.m.j.i.AbstractJavaProjectConfigurator - Adding resource folder /Junit_demo/src/main/resources
2026-02-25 11:48:42,052 [Worker-17: Creating maven-archetype-quickstart] INFO  o.e.m.j.i.AbstractJavaProjectConfigurator - Adding source folder /Junit_demo/src/test/java
2026-02-25 11:48:42,053 [Worker-17: Creating maven-archetype-quickstart] INFO  o.e.m.j.i.AbstractJavaProjectConfigurator - Adding resource folder /Junit_demo/src/test/resources
2026-02-25 11:48:42,234 [Worker-17: Creating maven-archetype-quickstart] WARN  o.apache.maven.project.MavenProject - Direct modification of compileSourceRoots through clear() is deprecated and will not work in Maven 4.0.0. Please use the add/remove methods instead. If you're using a plugin that causes this warning, please upgrade to the latest version and report an issue if the warning persists. To disable these warnings, set -Dmaven.project.sourceRoots.warningsDisabled=true on the command line, in the .mvn/maven.config file, or in project POM properties.
2026-02-25 11:48:42,236 [Worker-17: Creating maven-archetype-quickstart] WARN  o.apache.maven.project.MavenProject - Direct modification of compileSourceRoots through add() is deprecated and will not work in Maven 4.0.0. Please use the add/remove methods instead. If you're using a plugin that causes this warning, please upgrade to the latest version and report an issue if the warning persists. To disable these warnings, set -Dmaven.project.sourceRoots.warningsDisabled=true on the command line, in the .mvn/maven.config file, or in project POM properties.
2026-02-25 11:48:42,237 [Worker-17: Creating maven-archetype-quickstart] WARN  o.apache.maven.project.MavenProject - Direct modification of testCompileSourceRoots through clear() is deprecated and will not work in Maven 4.0.0. Please use the add/remove methods instead. If you're using a plugin that causes this warning, please upgrade to the latest version and report an issue if the warning persists. To disable these warnings, set -Dmaven.project.sourceRoots.warningsDisabled=true on the command line, in the .mvn/maven.config file, or in project POM properties.
2026-02-25 11:48:42,239 [Worker-17: Creating maven-archetype-quickstart] WARN  o.apache.maven.project.MavenProject - Direct modification of testCompileSourceRoots through add() is deprecated and will not work in Maven 4.0.0. Please use the add/remove methods instead. If you're using a plugin that causes this warning, please upgrade to the latest version and report an issue if the warning persists. To disable these warnings, set -Dmaven.project.sourceRoots.warningsDisabled=true on the command line, in the .mvn/maven.config file, or in project POM properties.
2026-02-25 11:48:42,267 [Worker-17: Creating maven-archetype-quickstart] INFO  o.e.m.c.i.p.ProjectConfigurationManager - Imported and configured 1 project(s) in 2 sec
2026-02-25 11:48:42,881 [Worker-22: Building] INFO  o.a.m.s.f.DefaultMavenResourcesFiltering - skip non existing resourceDirectory /Users/abinashdas/Desktop/KodeWala java/Junit_demo/src/main/resources
2026-02-25 11:48:42,888 [Worker-22: Building] INFO  o.a.m.s.f.DefaultMavenResourcesFiltering - skip non existing resourceDirectory /Users/abinashdas/Desktop/KodeWala java/Junit_demo/src/test/resources
2026-02-25 11:48:42,930 [Worker-22: Building] WARN  o.apache.maven.project.MavenProject - Direct modification of compileSourceRoots through clear() is deprecated and will not work in Maven 4.0.0. Please use the add/remove methods instead. If you're using a plugin that causes this warning, please upgrade to the latest version and report an issue if the warning persists. To disable these warnings, set -Dmaven.project.sourceRoots.warningsDisabled=true on the command line, in the .mvn/maven.config file, or in project POM properties.
2026-02-25 11:48:42,930 [Worker-22: Building] WARN  o.apache.maven.project.MavenProject - Direct modification of compileSourceRoots through add() is deprecated and will not work in Maven 4.0.0. Please use the add/remove methods instead. If you're using a plugin that causes this warning, please upgrade to the latest version and report an issue if the warning persists. To disable these warnings, set -Dmaven.project.sourceRoots.warningsDisabled=true on the command line, in the .mvn/maven.config file, or in project POM properties.
2026-02-25 11:48:42,931 [Worker-22: Building] WARN  o.apache.maven.project.MavenProject - Direct modification of testCompileSourceRoots through clear() is deprecated and will not work in Maven 4.0.0. Please use the add/remove methods instead. If you're using a plugin that causes this warning, please upgrade to the latest version and report an issue if the warning persists. To disable these warnings, set -Dmaven.project.sourceRoots.warningsDisabled=true on the command line, in the .mvn/maven.config file, or in project POM properties.
2026-02-25 11:48:42,932 [Worker-22: Building] WARN  o.apache.maven.project.MavenProject - Direct modification of testCompileSourceRoots through add() is deprecated and will not work in Maven 4.0.0. Please use the add/remove methods instead. If you're using a plugin that causes this warning, please upgrade to the latest version and report an issue if the warning persists. To disable these warnings, set -Dmaven.project.sourceRoots.warningsDisabled=true on the command line, in the .mvn/maven.config file, or in project POM properties.
2026-02-25 11:50:14,607 [Worker-19: Building] INFO  o.e.m.c.i.l.LifecycleMappingFactory - Using org.eclipse.m2e.jdt.JarLifecycleMapping lifecycle mapping for MavenProject: com.kodewish:Junit_demo:0.0.1-SNAPSHOT @ /Users/abinashdas/Desktop/KodeWala java/Junit_demo/pom.xml.
2026-02-25 11:50:14,961 [Worker-19: Building] INFO  o.a.m.s.f.DefaultMavenResourcesFiltering - skip non existing resourceDirectory /Users/abinashdas/Desktop/KodeWala java/Junit_demo/src/main/resources
2026-02-25 11:50:14,969 [Worker-19: Building] INFO  o.a.m.s.f.DefaultMavenResourcesFiltering - skip non existing resourceDirectory /Users/abinashdas/Desktop/KodeWala java/Junit_demo/src/test/resources
2026-02-25 11:50:15,001 [Worker-19: Building] WARN  o.apache.maven.project.MavenProject - Direct modification of compileSourceRoots through clear() is deprecated and will not work in Maven 4.0.0. Please use the add/remove methods instead. If you're using a plugin that causes this warning, please upgrade to the latest version and report an issue if the warning persists. To disable these warnings, set -Dmaven.project.sourceRoots.warningsDisabled=true on the command line, in the .mvn/maven.config file, or in project POM properties.
2026-02-25 11:50:15,003 [Worker-19: Building] WARN  o.apache.maven.project.MavenProject - Direct modification of compileSourceRoots through add() is deprecated and will not work in Maven 4.0.0. Please use the add/remove methods instead. If you're using a plugin that causes this warning, please upgrade to the latest version and report an issue if the warning persists. To disable these warnings, set -Dmaven.project.sourceRoots.warningsDisabled=true on the command line, in the .mvn/maven.config file, or in project POM properties.
2026-02-25 11:50:15,004 [Worker-19: Building] WARN  o.apache.maven.project.MavenProject - Direct modification of testCompileSourceRoots through clear() is deprecated and will not work in Maven 4.0.0. Please use the add/remove methods instead. If you're using a plugin that causes this warning, please upgrade to the latest version and report an issue if the warning persists. To disable these warnings, set -Dmaven.project.sourceRoots.warningsDisabled=true on the command line, in the .mvn/maven.config file, or in project POM properties.
2026-02-25 11:50:15,006 [Worker-19: Building] WARN  o.apache.maven.project.MavenProject - Direct modification of testCompileSourceRoots through add() is deprecated and will not work in Maven 4.0.0. Please use the add/remove methods instead. If you're using a plugin that causes this warning, please upgrade to the latest version and report an issue if the warning persists. To disable these warnings, set -Dmaven.project.sourceRoots.warningsDisabled=true on the command line, in the .mvn/maven.config file, or in project POM properties.
2026-02-25 11:50:16,118 [Worker-21: Building] INFO  o.a.m.s.f.DefaultMavenResourcesFiltering - skip non existing resourceDirectory /Users/abinashdas/Desktop/KodeWala java/Junit_demo/src/main/resources
2026-02-25 11:50:16,131 [Worker-21: Building] INFO  o.a.m.s.f.DefaultMavenResourcesFiltering - skip non existing resourceDirectory /Users/abinashdas/Desktop/KodeWala java/Junit_demo/src/test/resources
2026-02-25 11:50:16,145 [Worker-21: Building] WARN  o.apache.maven.project.MavenProject - Direct modification of compileSourceRoots through clear() is deprecated and will not work in Maven 4.0.0. Please use the add/remove methods instead. If you're using a plugin that causes this warning, please upgrade to the latest version and report an issue if the warning persists. To disable these warnings, set -Dmaven.project.sourceRoots.warningsDisabled=true on the command line, in the .mvn/maven.config file, or in project POM properties.
2026-02-25 11:50:16,146 [Worker-21: Building] WARN  o.apache.maven.project.MavenProject - Direct modification of compileSourceRoots through add() is deprecated and will not work in Maven 4.0.0. Please use the add/remove methods instead. If you're using a plugin that causes this warning, please upgrade to the latest version and report an issue if the warning persists. To disable these warnings, set -Dmaven.project.sourceRoots.warningsDisabled=true on the command line, in the .mvn/maven.config file, or in project POM properties.
2026-02-25 11:50:16,147 [Worker-21: Building] WARN  o.apache.maven.project.MavenProject - Direct modification of testCompileSourceRoots through clear() is deprecated and will not work in Maven 4.0.0. Please use the add/remove methods instead. If you're using a plugin that causes this warning, please upgrade to the latest version and report an issue if the warning persists. To disable these warnings, set -Dmaven.project.sourceRoots.warningsDisabled=true on the command line, in the .mvn/maven.config file, or in project POM properties.
2026-02-25 11:50:16,148 [Worker-21: Building] WARN  o.apache.maven.project.MavenProject - Direct modification of testCompileSourceRoots through add() is deprecated and will not work in Maven 4.0.0. Please use the add/remove methods instead. If you're using a plugin that causes this warning, please upgrade to the latest version and report an issue if the warning persists. To disable these warnings, set -Dmaven.project.sourceRoots.warningsDisabled=true on the command line, in the .mvn/maven.config file, or in project POM properties.
2026-02-25 11:51:18,972 [Worker-11: Building] INFO  o.a.m.s.f.DefaultMavenResourcesFiltering - skip non existing resourceDirectory /Users/abinashdas/Desktop/KodeWala java/Junit_demo/src/main/resources
2026-02-25 11:51:18,984 [Worker-11: Building] INFO  o.a.m.s.f.DefaultMavenResourcesFiltering - skip non existing resourceDirectory /Users/abinashdas/Desktop/KodeWala java/Junit_demo/src/test/resources
2026-02-25 11:51:19,003 [Worker-11: Building] WARN  o.apache.maven.project.MavenProject - Direct modification of compileSourceRoots through clear() is deprecated and will not work in Maven 4.0.0. Please use the add/remove methods instead. If you're using a plugin that causes this warning, please upgrade to the latest version and report an issue if the warning persists. To disable these warnings, set -Dmaven.project.sourceRoots.warningsDisabled=true on the command line, in the .mvn/maven.config file, or in project POM properties.
2026-02-25 11:51:19,004 [Worker-11: Building] WARN  o.apache.maven.project.MavenProject - Direct modification of compileSourceRoots through add() is deprecated and will not work in Maven 4.0.0. Please use the add/remove methods instead. If you're using a plugin that causes this warning, please upgrade to the latest version and report an issue if the warning persists. To disable these warnings, set -Dmaven.project.sourceRoots.warningsDisabled=true on the command line, in the .mvn/maven.config file, or in project POM properties.
2026-02-25 11:51:19,005 [Worker-11: Building] WARN  o.apache.maven.project.MavenProject - Direct modification of testCompileSourceRoots through clear() is deprecated and will not work in Maven 4.0.0. Please use the add/remove methods instead. If you're using a plugin that causes this warning, please upgrade to the latest version and report an issue if the warning persists. To disable these warnings, set -Dmaven.project.sourceRoots.warningsDisabled=true on the command line, in the .mvn/maven.config file, or in project POM properties.
2026-02-25 11:51:19,006 [Worker-11: Building] WARN  o.apache.maven.project.MavenProject - Direct modification of testCompileSourceRoots through add() is deprecated and will not work in Maven 4.0.0. Please use the add/remove methods instead. If you're using a plugin that causes this warning, please upgrade to the latest version and report an issue if the warning persists. To disable these warnings, set -Dmaven.project.sourceRoots.warningsDisabled=true on the command line, in the .mvn/maven.config file, or in project POM properties.
2026-02-25 11:51:26,551 [Worker-11: Building] INFO  o.a.m.s.f.DefaultMavenResourcesFiltering - skip non existing resourceDirectory /Users/abinashdas/Desktop/KodeWala java/Junit_demo/src/main/resources
2026-02-25 11:51:26,556 [Worker-11: Building] INFO  o.a.m.s.f.DefaultMavenResourcesFiltering - skip non existing resourceDirectory /Users/abinashdas/Desktop/KodeWala java/Junit_demo/src/test/resources
2026-02-25 11:51:26,556 [Worker-11: Building] WARN  o.apache.maven.project.MavenProject - Direct modification of compileSourceRoots through clear() is deprecated and will not work in Maven 4.0.0. Please use the add/remove methods instead. If you're using a plugin that causes this warning, please upgrade to the latest version and report an issue if the warning persists. To disable these warnings, set -Dmaven.project.sourceRoots.warningsDisabled=true on the command line, in the .mvn/maven.config file, or in project POM properties.
2026-02-25 11:51:26,558 [Worker-11: Building] WARN  o.apache.maven.project.MavenProject - Direct modification of compileSourceRoots through add() is deprecated and will not work in Maven 4.0.0. Please use the add/remove methods instead. If you're using a plugin that causes this warning, please upgrade to the latest version and report an issue if the warning persists. To disable these warnings, set -Dmaven.project.sourceRoots.warningsDisabled=true on the command line, in the .mvn/maven.config file, or in project POM properties.
2026-02-25 11:51:26,559 [Worker-11: Building] WARN  o.apache.maven.project.MavenProject - Direct modification of testCompileSourceRoots through clear() is deprecated and will not work in Maven 4.0.0. Please use the add/remove methods instead. If you're using a plugin that causes this warning, please upgrade to the latest version and report an issue if the warning persists. To disable these warnings, set -Dmaven.project.sourceRoots.warningsDisabled=true on the command line, in the .mvn/maven.config file, or in project POM properties.
2026-02-25 11:51:26,560 [Worker-11: Building] WARN  o.apache.maven.project.MavenProject - Direct modification of testCompileSourceRoots through add() is deprecated and will not work in Maven 4.0.0. Please use the add/remove methods instead. If you're using a plugin that causes this warning, please upgrade to the latest version and report an issue if the warning persists. To disable these warnings, set -Dmaven.project.sourceRoots.warningsDisabled=true on the command line, in the .mvn/maven.config file, or in project POM properties.
2026-02-25 11:52:26,315 [Worker-22: Building] INFO  o.a.m.s.f.DefaultMavenResourcesFiltering - skip non existing resourceDirectory /Users/abinashdas/Desktop/KodeWala java/Junit_demo/src/main/resources
2026-02-25 11:52:26,318 [Worker-22: Building] INFO  o.a.m.s.f.DefaultMavenResourcesFiltering - skip non existing resourceDirectory /Users/abinashdas/Desktop/KodeWala java/Junit_demo/src/test/resources
2026-02-25 11:52:26,333 [Worker-22: Building] WARN  o.apache.maven.project.MavenProject - Direct modification of compileSourceRoots through clear() is deprecated and will not work in Maven 4.0.0. Please use the add/remove methods instead. If you're using a plugin that causes this warning, please upgrade to the latest version and report an issue if the warning persists. To disable these warnings, set -Dmaven.project.sourceRoots.warningsDisabled=true on the command line, in the .mvn/maven.config file, or in project POM properties.
2026-02-25 11:52:26,334 [Worker-22: Building] WARN  o.apache.maven.project.MavenProject - Direct modification of compileSourceRoots through add() is deprecated and will not work in Maven 4.0.0. Please use the add/remove methods instead. If you're using a plugin that causes this warning, please upgrade to the latest version and report an issue if the warning persists. To disable these warnings, set -Dmaven.project.sourceRoots.warningsDisabled=true on the command line, in the .mvn/maven.config file, or in project POM properties.
2026-02-25 11:52:26,336 [Worker-22: Building] WARN  o.apache.maven.project.MavenProject - Direct modification of testCompileSourceRoots through clear() is deprecated and will not work in Maven 4.0.0. Please use the add/remove methods instead. If you're using a plugin that causes this warning, please upgrade to the latest version and report an issue if the warning persists. To disable these warnings, set -Dmaven.project.sourceRoots.warningsDisabled=true on the command line, in the .mvn/maven.config file, or in project POM properties.
2026-02-25 11:52:26,336 [Worker-22: Building] WARN  o.apache.maven.project.MavenProject - Direct modification of testCompileSourceRoots through add() is deprecated and will not work in Maven 4.0.0. Please use the add/remove methods instead. If you're using a plugin that causes this warning, please upgrade to the latest version and report an issue if the warning persists. To disable these warnings, set -Dmaven.project.sourceRoots.warningsDisabled=true on the command line, in the .mvn/maven.config file, or in project POM properties.
2026-02-25 11:58:15,120 [Worker-17: Building] INFO  o.a.m.s.f.DefaultMavenResourcesFiltering - skip non existing resourceDirectory /Users/abinashdas/Desktop/KodeWala java/Junit_demo/src/main/resources
2026-02-25 11:58:15,124 [Worker-17: Building] INFO  o.a.m.s.f.DefaultMavenResourcesFiltering - skip non existing resourceDirectory /Users/abinashdas/Desktop/KodeWala java/Junit_demo/src/test/resources
2026-02-25 11:58:15,125 [Worker-17: Building] WARN  o.apache.maven.project.MavenProject - Direct modification of compileSourceRoots through clear() is deprecated and will not work in Maven 4.0.0. Please use the add/remove methods instead. If you're using a plugin that causes this warning, please upgrade to the latest version and report an issue if the warning persists. To disable these warnings, set -Dmaven.project.sourceRoots.warningsDisabled=true on the command line, in the .mvn/maven.config file, or in project POM properties.
2026-02-25 11:58:15,126 [Worker-17: Building] WARN  o.apache.maven.project.MavenProject - Direct modification of compileSourceRoots through add() is deprecated and will not work in Maven 4.0.0. Please use the add/remove methods instead. If you're using a plugin that causes this warning, please upgrade to the latest version and report an issue if the warning persists. To disable these warnings, set -Dmaven.project.sourceRoots.warningsDisabled=true on the command line, in the .mvn/maven.config file, or in project POM properties.
2026-02-25 11:58:15,127 [Worker-17: Building] WARN  o.apache.maven.project.MavenProject - Direct modification of testCompileSourceRoots through clear() is deprecated and will not work in Maven 4.0.0. Please use the add/remove methods instead. If you're using a plugin that causes this warning, please upgrade to the latest version and report an issue if the warning persists. To disable these warnings, set -Dmaven.project.sourceRoots.warningsDisabled=true on the command line, in the .mvn/maven.config file, or in project POM properties.
2026-02-25 11:58:15,128 [Worker-17: Building] WARN  o.apache.maven.project.MavenProject - Direct modification of testCompileSourceRoots through add() is deprecated and will not work in Maven 4.0.0. Please use the add/remove methods instead. If you're using a plugin that causes this warning, please upgrade to the latest version and report an issue if the warning persists. To disable these warnings, set -Dmaven.project.sourceRoots.warningsDisabled=true on the command line, in the .mvn/maven.config file, or in project POM properties.
2026-02-25 11:58:30,680 [main] INFO  o.e.m.jdt.internal.UnitTestSupport - Updating com.kodewish from maven configuration
2026-02-25 11:58:42,610 [Worker-11: Building] INFO  o.a.m.s.f.DefaultMavenResourcesFiltering - skip non existing resourceDirectory /Users/abinashdas/Desktop/KodeWala java/Junit_demo/src/main/resources
2026-02-25 11:58:42,615 [Worker-11: Building] INFO  o.a.m.s.f.DefaultMavenResourcesFiltering - skip non existing resourceDirectory /Users/abinashdas/Desktop/KodeWala java/Junit_demo/src/test/resources
2026-02-25 11:58:42,616 [Worker-11: Building] WARN  o.apache.maven.project.MavenProject - Direct modification of compileSourceRoots through clear() is deprecated and will not work in Maven 4.0.0. Please use the add/remove methods instead. If you're using a plugin that causes this warning, please upgrade to the latest version and report an issue if the warning persists. To disable these warnings, set -Dmaven.project.sourceRoots.warningsDisabled=true on the command line, in the .mvn/maven.config file, or in project POM properties.
2026-02-25 11:58:42,617 [Worker-11: Building] WARN  o.apache.maven.project.MavenProject - Direct modification of compileSourceRoots through add() is deprecated and will not work in Maven 4.0.0. Please use the add/remove methods instead. If you're using a plugin that causes this warning, please upgrade to the latest version and report an issue if the warning persists. To disable these warnings, set -Dmaven.project.sourceRoots.warningsDisabled=true on the command line, in the .mvn/maven.config file, or in project POM properties.
2026-02-25 11:58:42,618 [Worker-11: Building] WARN  o.apache.maven.project.MavenProject - Direct modification of testCompileSourceRoots through clear() is deprecated and will not work in Maven 4.0.0. Please use the add/remove methods instead. If you're using a plugin that causes this warning, please upgrade to the latest version and report an issue if the warning persists. To disable these warnings, set -Dmaven.project.sourceRoots.warningsDisabled=true on the command line, in the .mvn/maven.config file, or in project POM properties.
2026-02-25 11:58:42,619 [Worker-11: Building] WARN  o.apache.maven.project.MavenProject - Direct modification of testCompileSourceRoots through add() is deprecated and will not work in Maven 4.0.0. Please use the add/remove methods instead. If you're using a plugin that causes this warning, please upgrade to the latest version and report an issue if the warning persists. To disable these warnings, set -Dmaven.project.sourceRoots.warningsDisabled=true on the command line, in the .mvn/maven.config file, or in project POM properties.
2026-02-25 11:59:09,280 [Worker-21: Building] INFO  o.a.m.s.f.DefaultMavenResourcesFiltering - skip non existing resourceDirectory /Users/abinashdas/Desktop/KodeWala java/Junit_demo/src/main/resources
2026-02-25 11:59:09,287 [Worker-21: Building] INFO  o.a.m.s.f.DefaultMavenResourcesFiltering - skip non existing resourceDirectory /Users/abinashdas/Desktop/KodeWala java/Junit_demo/src/test/resources
2026-02-25 11:59:09,288 [Worker-21: Building] WARN  o.apache.maven.project.MavenProject - Direct modification of compileSourceRoots through clear() is deprecated and will not work in Maven 4.0.0. Please use the add/remove methods instead. If you're using a plugin that causes this warning, please upgrade to the latest version and report an issue if the warning persists. To disable these warnings, set -Dmaven.project.sourceRoots.warningsDisabled=true on the command line, in the .mvn/maven.config file, or in project POM properties.
2026-02-25 11:59:09,289 [Worker-21: Building] WARN  o.apache.maven.project.MavenProject - Direct modification of compileSourceRoots through add() is deprecated and will not work in Maven 4.0.0. Please use the add/remove methods instead. If you're using a plugin that causes this warning, please upgrade to the latest version and report an issue if the warning persists. To disable these warnings, set -Dmaven.project.sourceRoots.warningsDisabled=true on the command line, in the .mvn/maven.config file, or in project POM properties.
2026-02-25 11:59:09,290 [Worker-21: Building] WARN  o.apache.maven.project.MavenProject - Direct modification of testCompileSourceRoots through clear() is deprecated and will not work in Maven 4.0.0. Please use the add/remove methods instead. If you're using a plugin that causes this warning, please upgrade to the latest version and report an issue if the warning persists. To disable these warnings, set -Dmaven.project.sourceRoots.warningsDisabled=true on the command line, in the .mvn/maven.config file, or in project POM properties.
2026-02-25 11:59:09,291 [Worker-21: Building] WARN  o.apache.maven.project.MavenProject - Direct modification of testCompileSourceRoots through add() is deprecated and will not work in Maven 4.0.0. Please use the add/remove methods instead. If you're using a plugin that causes this warning, please upgrade to the latest version and report an issue if the warning persists. To disable these warnings, set -Dmaven.project.sourceRoots.warningsDisabled=true on the command line, in the .mvn/maven.config file, or in project POM properties.
2026-02-25 12:00:54,432 [main] INFO  o.e.m.jdt.internal.UnitTestSupport - Updating CalculatorTestCase from maven configuration
2026-02-25 12:01:11,751 [Worker-26: Building] INFO  o.a.m.s.f.DefaultMavenResourcesFiltering - skip non existing resourceDirectory /Users/abinashdas/Desktop/KodeWala java/Junit_demo/src/main/resources
2026-02-25 12:01:11,768 [Worker-26: Building] INFO  o.a.m.s.f.DefaultMavenResourcesFiltering - skip non existing resourceDirectory /Users/abinashdas/Desktop/KodeWala java/Junit_demo/src/test/resources
2026-02-25 12:01:11,769 [Worker-26: Building] WARN  o.apache.maven.project.MavenProject - Direct modification of compileSourceRoots through clear() is deprecated and will not work in Maven 4.0.0. Please use the add/remove methods instead. If you're using a plugin that causes this warning, please upgrade to the latest version and report an issue if the warning persists. To disable these warnings, set -Dmaven.project.sourceRoots.warningsDisabled=true on the command line, in the .mvn/maven.config file, or in project POM properties.
2026-02-25 12:01:11,772 [Worker-26: Building] WARN  o.apache.maven.project.MavenProject - Direct modification of compileSourceRoots through add() is deprecated and will not work in Maven 4.0.0. Please use the add/remove methods instead. If you're using a plugin that causes this warning, please upgrade to the latest version and report an issue if the warning persists. To disable these warnings, set -Dmaven.project.sourceRoots.warningsDisabled=true on the command line, in the .mvn/maven.config file, or in project POM properties.
2026-02-25 12:01:11,773 [Worker-26: Building] WARN  o.apache.maven.project.MavenProject - Direct modification of testCompileSourceRoots through clear() is deprecated and will not work in Maven 4.0.0. Please use the add/remove methods instead. If you're using a plugin that causes this warning, please upgrade to the latest version and report an issue if the warning persists. To disable these warnings, set -Dmaven.project.sourceRoots.warningsDisabled=true on the command line, in the .mvn/maven.config file, or in project POM properties.
2026-02-25 12:01:11,778 [Worker-26: Building] WARN  o.apache.maven.project.MavenProject - Direct modification of testCompileSourceRoots through add() is deprecated and will not work in Maven 4.0.0. Please use the add/remove methods instead. If you're using a plugin that causes this warning, please upgrade to the latest version and report an issue if the warning persists. To disable these warnings, set -Dmaven.project.sourceRoots.warningsDisabled=true on the command line, in the .mvn/maven.config file, or in project POM properties.
2026-02-25 12:05:05,091 [Worker-26: Launching CalculatorTestCase] INFO  o.a.m.s.f.DefaultMavenResourcesFiltering - skip non existing resourceDirectory /Users/abinashdas/Desktop/KodeWala java/Junit_demo/src/main/resources
2026-02-25 12:05:05,098 [Worker-26: Launching CalculatorTestCase] INFO  o.a.m.s.f.DefaultMavenResourcesFiltering - skip non existing resourceDirectory /Users/abinashdas/Desktop/KodeWala java/Junit_demo/src/test/resources
2026-02-25 12:05:05,098 [Worker-26: Launching CalculatorTestCase] WARN  o.apache.maven.project.MavenProject - Direct modification of compileSourceRoots through clear() is deprecated and will not work in Maven 4.0.0. Please use the add/remove methods instead. If you're using a plugin that causes this warning, please upgrade to the latest version and report an issue if the warning persists. To disable these warnings, set -Dmaven.project.sourceRoots.warningsDisabled=true on the command line, in the .mvn/maven.config file, or in project POM properties.
2026-02-25 12:05:05,099 [Worker-26: Launching CalculatorTestCase] WARN  o.apache.maven.project.MavenProject - Direct modification of compileSourceRoots through add() is deprecated and will not work in Maven 4.0.0. Please use the add/remove methods instead. If you're using a plugin that causes this warning, please upgrade to the latest version and report an issue if the warning persists. To disable these warnings, set -Dmaven.project.sourceRoots.warningsDisabled=true on the command line, in the .mvn/maven.config file, or in project POM properties.
2026-02-25 12:05:05,100 [Worker-26: Launching CalculatorTestCase] WARN  o.apache.maven.project.MavenProject - Direct modification of testCompileSourceRoots through clear() is deprecated and will not work in Maven 4.0.0. Please use the add/remove methods instead. If you're using a plugin that causes this warning, please upgrade to the latest version and report an issue if the warning persists. To disable these warnings, set -Dmaven.project.sourceRoots.warningsDisabled=true on the command line, in the .mvn/maven.config file, or in project POM properties.
2026-02-25 12:05:05,101 [Worker-26: Launching CalculatorTestCase] WARN  o.apache.maven.project.MavenProject - Direct modification of testCompileSourceRoots through add() is deprecated and will not work in Maven 4.0.0. Please use the add/remove methods instead. If you're using a plugin that causes this warning, please upgrade to the latest version and report an issue if the warning persists. To disable these warnings, set -Dmaven.project.sourceRoots.warningsDisabled=true on the command line, in the .mvn/maven.config file, or in project POM properties.
2026-02-25 12:09:24,876 [Worker-23: Building] INFO  o.a.m.s.f.DefaultMavenResourcesFiltering - skip non existing resourceDirectory /Users/abinashdas/Desktop/KodeWala java/Junit_demo/src/main/resources
2026-02-25 12:09:24,881 [Worker-23: Building] INFO  o.a.m.s.f.DefaultMavenResourcesFiltering - skip non existing resourceDirectory /Users/abinashdas/Desktop/KodeWala java/Junit_demo/src/test/resources
2026-02-25 12:09:24,882 [Worker-23: Building] WARN  o.apache.maven.project.MavenProject - Direct modification of compileSourceRoots through clear() is deprecated and will not work in Maven 4.0.0. Please use the add/remove methods instead. If you're using a plugin that causes this warning, please upgrade to the latest version and report an issue if the warning persists. To disable these warnings, set -Dmaven.project.sourceRoots.warningsDisabled=true on the command line, in the .mvn/maven.config file, or in project POM properties.
2026-02-25 12:09:24,883 [Worker-23: Building] WARN  o.apache.maven.project.MavenProject - Direct modification of compileSourceRoots through add() is deprecated and will not work in Maven 4.0.0. Please use the add/remove methods instead. If you're using a plugin that causes this warning, please upgrade to the latest version and report an issue if the warning persists. To disable these warnings, set -Dmaven.project.sourceRoots.warningsDisabled=true on the command line, in the .mvn/maven.config file, or in project POM properties.
2026-02-25 12:09:24,884 [Worker-23: Building] WARN  o.apache.maven.project.MavenProject - Direct modification of testCompileSourceRoots through clear() is deprecated and will not work in Maven 4.0.0. Please use the add/remove methods instead. If you're using a plugin that causes this warning, please upgrade to the latest version and report an issue if the warning persists. To disable these warnings, set -Dmaven.project.sourceRoots.warningsDisabled=true on the command line, in the .mvn/maven.config file, or in project POM properties.
2026-02-25 12:09:24,885 [Worker-23: Building] WARN  o.apache.maven.project.MavenProject - Direct modification of testCompileSourceRoots through add() is deprecated and will not work in Maven 4.0.0. Please use the add/remove methods instead. If you're using a plugin that causes this warning, please upgrade to the latest version and report an issue if the warning persists. To disable these warnings, set -Dmaven.project.sourceRoots.warningsDisabled=true on the command line, in the .mvn/maven.config file, or in project POM properties.
2026-02-25 12:10:01,856 [Worker-32: Launching CalculatorTestCase] INFO  o.a.m.s.f.DefaultMavenResourcesFiltering - skip non existing resourceDirectory /Users/abinashdas/Desktop/KodeWala java/Junit_demo/src/main/resources
2026-02-25 12:10:01,859 [Worker-32: Launching CalculatorTestCase] INFO  o.a.m.s.f.DefaultMavenResourcesFiltering - skip non existing resourceDirectory /Users/abinashdas/Desktop/KodeWala java/Junit_demo/src/test/resources
2026-02-25 12:10:01,860 [Worker-32: Launching CalculatorTestCase] WARN  o.apache.maven.project.MavenProject - Direct modification of compileSourceRoots through clear() is deprecated and will not work in Maven 4.0.0. Please use the add/remove methods instead. If you're using a plugin that causes this warning, please upgrade to the latest version and report an issue if the warning persists. To disable these warnings, set -Dmaven.project.sourceRoots.warningsDisabled=true on the command line, in the .mvn/maven.config file, or in project POM properties.
2026-02-25 12:10:01,862 [Worker-32: Launching CalculatorTestCase] WARN  o.apache.maven.project.MavenProject - Direct modification of compileSourceRoots through add() is deprecated and will not work in Maven 4.0.0. Please use the add/remove methods instead. If you're using a plugin that causes this warning, please upgrade to the latest version and report an issue if the warning persists. To disable these warnings, set -Dmaven.project.sourceRoots.warningsDisabled=true on the command line, in the .mvn/maven.config file, or in project POM properties.
2026-02-25 12:10:01,863 [Worker-32: Launching CalculatorTestCase] WARN  o.apache.maven.project.MavenProject - Direct modification of testCompileSourceRoots through clear() is deprecated and will not work in Maven 4.0.0. Please use the add/remove methods instead. If you're using a plugin that causes this warning, please upgrade to the latest version and report an issue if the warning persists. To disable these warnings, set -Dmaven.project.sourceRoots.warningsDisabled=true on the command line, in the .mvn/maven.config file, or in project POM properties.
2026-02-25 12:10:01,864 [Worker-32: Launching CalculatorTestCase] WARN  o.apache.maven.project.MavenProject - Direct modification of testCompileSourceRoots through add() is deprecated and will not work in Maven 4.0.0. Please use the add/remove methods instead. If you're using a plugin that causes this warning, please upgrade to the latest version and report an issue if the warning persists. To disable these warnings, set -Dmaven.project.sourceRoots.warningsDisabled=true on the command line, in the .mvn/maven.config file, or in project POM properties.
2026-02-25 12:10:40,163 [Worker-23: Building] INFO  o.a.m.s.f.DefaultMavenResourcesFiltering - skip non existing resourceDirectory /Users/abinashdas/Desktop/KodeWala java/Junit_demo/src/main/resources
2026-02-25 12:10:40,167 [Worker-23: Building] INFO  o.a.m.s.f.DefaultMavenResourcesFiltering - skip non existing resourceDirectory /Users/abinashdas/Desktop/KodeWala java/Junit_demo/src/test/resources
2026-02-25 12:10:40,167 [Worker-23: Building] WARN  o.apache.maven.project.MavenProject - Direct modification of compileSourceRoots through clear() is deprecated and will not work in Maven 4.0.0. Please use the add/remove methods instead. If you're using a plugin that causes this warning, please upgrade to the latest version and report an issue if the warning persists. To disable these warnings, set -Dmaven.project.sourceRoots.warningsDisabled=true on the command line, in the .mvn/maven.config file, or in project POM properties.
2026-02-25 12:10:40,168 [Worker-23: Building] WARN  o.apache.maven.project.MavenProject - Direct modification of compileSourceRoots through add() is deprecated and will not work in Maven 4.0.0. Please use the add/remove methods instead. If you're using a plugin that causes this warning, please upgrade to the latest version and report an issue if the warning persists. To disable these warnings, set -Dmaven.project.sourceRoots.warningsDisabled=true on the command line, in the .mvn/maven.config file, or in project POM properties.
2026-02-25 12:10:40,169 [Worker-23: Building] WARN  o.apache.maven.project.MavenProject - Direct modification of testCompileSourceRoots through clear() is deprecated and will not work in Maven 4.0.0. Please use the add/remove methods instead. If you're using a plugin that causes this warning, please upgrade to the latest version and report an issue if the warning persists. To disable these warnings, set -Dmaven.project.sourceRoots.warningsDisabled=true on the command line, in the .mvn/maven.config file, or in project POM properties.
2026-02-25 12:10:40,170 [Worker-23: Building] WARN  o.apache.maven.project.MavenProject - Direct modification of testCompileSourceRoots through add() is deprecated and will not work in Maven 4.0.0. Please use the add/remove methods instead. If you're using a plugin that causes this warning, please upgrade to the latest version and report an issue if the warning persists. To disable these warnings, set -Dmaven.project.sourceRoots.warningsDisabled=true on the command line, in the .mvn/maven.config file, or in project POM properties.
2026-02-25 12:14:45,166 [Worker-32: Building] INFO  o.a.m.s.f.DefaultMavenResourcesFiltering - skip non existing resourceDirectory /Users/abinashdas/Desktop/KodeWala java/Junit_demo/src/main/resources
2026-02-25 12:14:45,169 [Worker-32: Building] INFO  o.a.m.s.f.DefaultMavenResourcesFiltering - skip non existing resourceDirectory /Users/abinashdas/Desktop/KodeWala java/Junit_demo/src/test/resources
2026-02-25 12:14:45,169 [Worker-32: Building] WARN  o.apache.maven.project.MavenProject - Direct modification of compileSourceRoots through clear() is deprecated and will not work in Maven 4.0.0. Please use the add/remove methods instead. If you're using a plugin that causes this warning, please upgrade to the latest version and report an issue if the warning persists. To disable these warnings, set -Dmaven.project.sourceRoots.warningsDisabled=true on the command line, in the .mvn/maven.config file, or in project POM properties.
2026-02-25 12:14:45,170 [Worker-32: Building] WARN  o.apache.maven.project.MavenProject - Direct modification of compileSourceRoots through add() is deprecated and will not work in Maven 4.0.0. Please use the add/remove methods instead. If you're using a plugin that causes this warning, please upgrade to the latest version and report an issue if the warning persists. To disable these warnings, set -Dmaven.project.sourceRoots.warningsDisabled=true on the command line, in the .mvn/maven.config file, or in project POM properties.
2026-02-25 12:14:45,171 [Worker-32: Building] WARN  o.apache.maven.project.MavenProject - Direct modification of testCompileSourceRoots through clear() is deprecated and will not work in Maven 4.0.0. Please use the add/remove methods instead. If you're using a plugin that causes this warning, please upgrade to the latest version and report an issue if the warning persists. To disable these warnings, set -Dmaven.project.sourceRoots.warningsDisabled=true on the command line, in the .mvn/maven.config file, or in project POM properties.
2026-02-25 12:14:45,172 [Worker-32: Building] WARN  o.apache.maven.project.MavenProject - Direct modification of testCompileSourceRoots through add() is deprecated and will not work in Maven 4.0.0. Please use the add/remove methods instead. If you're using a plugin that causes this warning, please upgrade to the latest version and report an issue if the warning persists. To disable these warnings, set -Dmaven.project.sourceRoots.warningsDisabled=true on the command line, in the .mvn/maven.config file, or in project POM properties.
2026-02-25 12:25:05,255 [Worker-4: Loading available Gradle versions] INFO  o.e.b.c.i.u.g.PublishedGradleVersions - Gradle version information cache is out-of-date. Trying to update.
2026-02-26 11:18:55,847 [Worker-2: Loading available Gradle versions] INFO  o.e.b.c.i.u.g.PublishedGradleVersions - Gradle version information cache is up-to-date. Trying to read.
2026-03-09 11:33:16,906 [Worker-8: Loading available Gradle versions] INFO  o.e.b.c.i.u.g.PublishedGradleVersions - Gradle version information cache is out-of-date. Trying to update.
2026-03-09 11:36:47,760 [Worker-13: Launching mavenrun-a21b9653-e5c7-4fff-9975-2e5183b4279e] INFO  o.eclipse.m2e.core.internal.Bundles - getClasspathEntries(Bundle=org.eclipse.m2e.maven.runtime_3.9.1100.20250811-2018 [1644])
2026-03-09 11:36:47,763 [Worker-13: Launching mavenrun-a21b9653-e5c7-4fff-9975-2e5183b4279e] INFO  o.eclipse.m2e.core.internal.Bundles - 	Entry: /Users/abinashdas/.p2/pool/plugins/org.eclipse.m2e.maven.runtime_3.9.1100.20250811-2018
2026-03-09 11:36:47,763 [Worker-13: Launching mavenrun-a21b9653-e5c7-4fff-9975-2e5183b4279e] INFO  o.eclipse.m2e.core.internal.Bundles - 	Entry: /Users/abinashdas/.p2/pool/plugins/org.eclipse.m2e.maven.runtime_3.9.1100.20250811-2018/jars/aopalliance-1.0.jar
2026-03-09 11:36:47,764 [Worker-13: Launching mavenrun-a21b9653-e5c7-4fff-9975-2e5183b4279e] INFO  o.eclipse.m2e.core.internal.Bundles - 	Entry: /Users/abinashdas/.p2/pool/plugins/org.eclipse.m2e.maven.runtime_3.9.1100.20250811-2018/jars/asm-9.8.jar
2026-03-09 11:36:47,764 [Worker-13: Launching mavenrun-a21b9653-e5c7-4fff-9975-2e5183b4279e] INFO  o.eclipse.m2e.core.internal.Bundles - 	Entry: /Users/abinashdas/.p2/pool/plugins/org.eclipse.m2e.maven.runtime_3.9.1100.20250811-2018/jars/error_prone_annotations-2.38.0.jar
2026-03-09 11:36:47,764 [Worker-13: Launching mavenrun-a21b9653-e5c7-4fff-9975-2e5183b4279e] INFO  o.eclipse.m2e.core.internal.Bundles - 	Entry: /Users/abinashdas/.p2/pool/plugins/org.eclipse.m2e.maven.runtime_3.9.1100.20250811-2018/jars/gson-2.13.1.jar
2026-03-09 11:36:47,764 [Worker-13: Launching mavenrun-a21b9653-e5c7-4fff-9975-2e5183b4279e] INFO  o.eclipse.m2e.core.internal.Bundles - 	Entry: /Users/abinashdas/.p2/pool/plugins/org.eclipse.m2e.maven.runtime_3.9.1100.20250811-2018/jars/guice-5.1.0-classes.jar
2026-03-09 11:36:47,764 [Worker-13: Launching mavenrun-a21b9653-e5c7-4fff-9975-2e5183b4279e] INFO  o.eclipse.m2e.core.internal.Bundles - 	Entry: /Users/abinashdas/.p2/pool/plugins/org.eclipse.m2e.maven.runtime_3.9.1100.20250811-2018/jars/httpclient-4.5.14.jar
2026-03-09 11:36:47,765 [Worker-13: Launching mavenrun-a21b9653-e5c7-4fff-9975-2e5183b4279e] INFO  o.eclipse.m2e.core.internal.Bundles - 	Entry: /Users/abinashdas/.p2/pool/plugins/org.eclipse.m2e.maven.runtime_3.9.1100.20250811-2018/jars/httpcore-4.4.16.jar
2026-03-09 11:36:47,765 [Worker-13: Launching mavenrun-a21b9653-e5c7-4fff-9975-2e5183b4279e] INFO  o.eclipse.m2e.core.internal.Bundles - 	Entry: /Users/abinashdas/.p2/pool/plugins/org.eclipse.m2e.maven.runtime_3.9.1100.20250811-2018/jars/jansi-2.4.2.jar
2026-03-09 11:36:47,765 [Worker-13: Launching mavenrun-a21b9653-e5c7-4fff-9975-2e5183b4279e] INFO  o.eclipse.m2e.core.internal.Bundles - 	Entry: /Users/abinashdas/.p2/pool/plugins/org.eclipse.m2e.maven.runtime_3.9.1100.20250811-2018/jars/jcl-over-slf4j-1.7.36.jar
2026-03-09 11:36:47,765 [Worker-13: Launching mavenrun-a21b9653-e5c7-4fff-9975-2e5183b4279e] INFO  o.eclipse.m2e.core.internal.Bundles - 	Entry: /Users/abinashdas/.p2/pool/plugins/org.eclipse.m2e.maven.runtime_3.9.1100.20250811-2018/jars/maven-artifact-3.9.11.jar
2026-03-09 11:36:47,766 [Worker-13: Launching mavenrun-a21b9653-e5c7-4fff-9975-2e5183b4279e] INFO  o.eclipse.m2e.core.internal.Bundles - 	Entry: /Users/abinashdas/.p2/pool/plugins/org.eclipse.m2e.maven.runtime_3.9.1100.20250811-2018/jars/maven-builder-support-3.9.11.jar
2026-03-09 11:36:47,766 [Worker-13: Launching mavenrun-a21b9653-e5c7-4fff-9975-2e5183b4279e] INFO  o.eclipse.m2e.core.internal.Bundles - 	Entry: /Users/abinashdas/.p2/pool/plugins/org.eclipse.m2e.maven.runtime_3.9.1100.20250811-2018/jars/maven-compat-3.9.11.jar
2026-03-09 11:36:47,766 [Worker-13: Launching mavenrun-a21b9653-e5c7-4fff-9975-2e5183b4279e] INFO  o.eclipse.m2e.core.internal.Bundles - 	Entry: /Users/abinashdas/.p2/pool/plugins/org.eclipse.m2e.maven.runtime_3.9.1100.20250811-2018/jars/maven-core-3.9.11.jar
2026-03-09 11:36:47,766 [Worker-13: Launching mavenrun-a21b9653-e5c7-4fff-9975-2e5183b4279e] INFO  o.eclipse.m2e.core.internal.Bundles - 	Entry: /Users/abinashdas/.p2/pool/plugins/org.eclipse.m2e.maven.runtime_3.9.1100.20250811-2018/jars/maven-embedder-3.9.11.jar
2026-03-09 11:36:47,767 [Worker-13: Launching mavenrun-a21b9653-e5c7-4fff-9975-2e5183b4279e] INFO  o.eclipse.m2e.core.internal.Bundles - 	Entry: /Users/abinashdas/.p2/pool/plugins/org.eclipse.m2e.maven.runtime_3.9.1100.20250811-2018/jars/maven-model-3.9.11.jar
2026-03-09 11:36:47,769 [Worker-13: Launching mavenrun-a21b9653-e5c7-4fff-9975-2e5183b4279e] INFO  o.eclipse.m2e.core.internal.Bundles - 	Entry: /Users/abinashdas/.p2/pool/plugins/org.eclipse.m2e.maven.runtime_3.9.1100.20250811-2018/jars/maven-model-builder-3.9.11.jar
2026-03-09 11:36:47,769 [Worker-13: Launching mavenrun-a21b9653-e5c7-4fff-9975-2e5183b4279e] INFO  o.eclipse.m2e.core.internal.Bundles - 	Entry: /Users/abinashdas/.p2/pool/plugins/org.eclipse.m2e.maven.runtime_3.9.1100.20250811-2018/jars/maven-plugin-api-3.9.11.jar
2026-03-09 11:36:47,770 [Worker-13: Launching mavenrun-a21b9653-e5c7-4fff-9975-2e5183b4279e] INFO  o.eclipse.m2e.core.internal.Bundles - 	Entry: /Users/abinashdas/.p2/pool/plugins/org.eclipse.m2e.maven.runtime_3.9.1100.20250811-2018/jars/maven-repository-metadata-3.9.11.jar
2026-03-09 11:36:47,770 [Worker-13: Launching mavenrun-a21b9653-e5c7-4fff-9975-2e5183b4279e] INFO  o.eclipse.m2e.core.internal.Bundles - 	Entry: /Users/abinashdas/.p2/pool/plugins/org.eclipse.m2e.maven.runtime_3.9.1100.20250811-2018/jars/maven-resolver-api-1.9.24.jar
2026-03-09 11:36:47,770 [Worker-13: Launching mavenrun-a21b9653-e5c7-4fff-9975-2e5183b4279e] INFO  o.eclipse.m2e.core.internal.Bundles - 	Entry: /Users/abinashdas/.p2/pool/plugins/org.eclipse.m2e.maven.runtime_3.9.1100.20250811-2018/jars/maven-resolver-connector-basic-1.9.24.jar
2026-03-09 11:36:47,770 [Worker-13: Launching mavenrun-a21b9653-e5c7-4fff-9975-2e5183b4279e] INFO  o.eclipse.m2e.core.internal.Bundles - 	Entry: /Users/abinashdas/.p2/pool/plugins/org.eclipse.m2e.maven.runtime_3.9.1100.20250811-2018/jars/maven-resolver-impl-1.9.24.jar
2026-03-09 11:36:47,770 [Worker-13: Launching mavenrun-a21b9653-e5c7-4fff-9975-2e5183b4279e] INFO  o.eclipse.m2e.core.internal.Bundles - 	Entry: /Users/abinashdas/.p2/pool/plugins/org.eclipse.m2e.maven.runtime_3.9.1100.20250811-2018/jars/maven-resolver-named-locks-1.9.24.jar
2026-03-09 11:36:47,771 [Worker-13: Launching mavenrun-a21b9653-e5c7-4fff-9975-2e5183b4279e] INFO  o.eclipse.m2e.core.internal.Bundles - 	Entry: /Users/abinashdas/.p2/pool/plugins/org.eclipse.m2e.maven.runtime_3.9.1100.20250811-2018/jars/maven-resolver-provider-3.9.11.jar
2026-03-09 11:36:47,771 [Worker-13: Launching mavenrun-a21b9653-e5c7-4fff-9975-2e5183b4279e] INFO  o.eclipse.m2e.core.internal.Bundles - 	Entry: /Users/abinashdas/.p2/pool/plugins/org.eclipse.m2e.maven.runtime_3.9.1100.20250811-2018/jars/maven-resolver-spi-1.9.24.jar
2026-03-09 11:36:47,771 [Worker-13: Launching mavenrun-a21b9653-e5c7-4fff-9975-2e5183b4279e] INFO  o.eclipse.m2e.core.internal.Bundles - 	Entry: /Users/abinashdas/.p2/pool/plugins/org.eclipse.m2e.maven.runtime_3.9.1100.20250811-2018/jars/maven-resolver-transport-file-1.9.24.jar
2026-03-09 11:36:47,771 [Worker-13: Launching mavenrun-a21b9653-e5c7-4fff-9975-2e5183b4279e] INFO  o.eclipse.m2e.core.internal.Bundles - 	Entry: /Users/abinashdas/.p2/pool/plugins/org.eclipse.m2e.maven.runtime_3.9.1100.20250811-2018/jars/maven-resolver-transport-http-1.9.24.jar
2026-03-09 11:36:47,771 [Worker-13: Launching mavenrun-a21b9653-e5c7-4fff-9975-2e5183b4279e] INFO  o.eclipse.m2e.core.internal.Bundles - 	Entry: /Users/abinashdas/.p2/pool/plugins/org.eclipse.m2e.maven.runtime_3.9.1100.20250811-2018/jars/maven-resolver-transport-wagon-1.9.24.jar
2026-03-09 11:36:47,771 [Worker-13: Launching mavenrun-a21b9653-e5c7-4fff-9975-2e5183b4279e] INFO  o.eclipse.m2e.core.internal.Bundles - 	Entry: /Users/abinashdas/.p2/pool/plugins/org.eclipse.m2e.maven.runtime_3.9.1100.20250811-2018/jars/maven-resolver-util-1.9.24.jar
2026-03-09 11:36:47,771 [Worker-13: Launching mavenrun-a21b9653-e5c7-4fff-9975-2e5183b4279e] INFO  o.eclipse.m2e.core.internal.Bundles - 	Entry: /Users/abinashdas/.p2/pool/plugins/org.eclipse.m2e.maven.runtime_3.9.1100.20250811-2018/jars/maven-settings-3.9.11.jar
2026-03-09 11:36:47,772 [Worker-13: Launching mavenrun-a21b9653-e5c7-4fff-9975-2e5183b4279e] INFO  o.eclipse.m2e.core.internal.Bundles - 	Entry: /Users/abinashdas/.p2/pool/plugins/org.eclipse.m2e.maven.runtime_3.9.1100.20250811-2018/jars/maven-settings-builder-3.9.11.jar
2026-03-09 11:36:47,772 [Worker-13: Launching mavenrun-a21b9653-e5c7-4fff-9975-2e5183b4279e] INFO  o.eclipse.m2e.core.internal.Bundles - 	Entry: /Users/abinashdas/.p2/pool/plugins/org.eclipse.m2e.maven.runtime_3.9.1100.20250811-2018/jars/maven-shared-utils-3.4.2.jar
2026-03-09 11:36:47,772 [Worker-13: Launching mavenrun-a21b9653-e5c7-4fff-9975-2e5183b4279e] INFO  o.eclipse.m2e.core.internal.Bundles - 	Entry: /Users/abinashdas/.p2/pool/plugins/org.eclipse.m2e.maven.runtime_3.9.1100.20250811-2018/jars/org.eclipse.sisu.inject-0.9.0.M4.jar
2026-03-09 11:36:47,772 [Worker-13: Launching mavenrun-a21b9653-e5c7-4fff-9975-2e5183b4279e] INFO  o.eclipse.m2e.core.internal.Bundles - 	Entry: /Users/abinashdas/.p2/pool/plugins/org.eclipse.m2e.maven.runtime_3.9.1100.20250811-2018/jars/org.eclipse.sisu.plexus-0.9.0.M4.jar
2026-03-09 11:36:47,772 [Worker-13: Launching mavenrun-a21b9653-e5c7-4fff-9975-2e5183b4279e] INFO  o.eclipse.m2e.core.internal.Bundles - 	Entry: /Users/abinashdas/.p2/pool/plugins/org.eclipse.m2e.maven.runtime_3.9.1100.20250811-2018/jars/plexus-build-api-0.0.7.jar
2026-03-09 11:36:47,772 [Worker-13: Launching mavenrun-a21b9653-e5c7-4fff-9975-2e5183b4279e] INFO  o.eclipse.m2e.core.internal.Bundles - 	Entry: /Users/abinashdas/.p2/pool/plugins/org.eclipse.m2e.maven.runtime_3.9.1100.20250811-2018/jars/plexus-build-api-1.2.0.jar
2026-03-09 11:36:47,773 [Worker-13: Launching mavenrun-a21b9653-e5c7-4fff-9975-2e5183b4279e] INFO  o.eclipse.m2e.core.internal.Bundles - 	Entry: /Users/abinashdas/.p2/pool/plugins/org.eclipse.m2e.maven.runtime_3.9.1100.20250811-2018/jars/plexus-cipher-2.0.jar
2026-03-09 11:36:47,773 [Worker-13: Launching mavenrun-a21b9653-e5c7-4fff-9975-2e5183b4279e] INFO  o.eclipse.m2e.core.internal.Bundles - 	Entry: /Users/abinashdas/.p2/pool/plugins/org.eclipse.m2e.maven.runtime_3.9.1100.20250811-2018/jars/plexus-classworlds-2.9.0.jar
2026-03-09 11:36:47,773 [Worker-13: Launching mavenrun-a21b9653-e5c7-4fff-9975-2e5183b4279e] INFO  o.eclipse.m2e.core.internal.Bundles - 	Entry: /Users/abinashdas/.p2/pool/plugins/org.eclipse.m2e.maven.runtime_3.9.1100.20250811-2018/jars/plexus-component-annotations-2.2.0.jar
2026-03-09 11:36:47,773 [Worker-13: Launching mavenrun-a21b9653-e5c7-4fff-9975-2e5183b4279e] INFO  o.eclipse.m2e.core.internal.Bundles - 	Entry: /Users/abinashdas/.p2/pool/plugins/org.eclipse.m2e.maven.runtime_3.9.1100.20250811-2018/jars/plexus-interpolation-1.28.jar
2026-03-09 11:36:47,773 [Worker-13: Launching mavenrun-a21b9653-e5c7-4fff-9975-2e5183b4279e] INFO  o.eclipse.m2e.core.internal.Bundles - 	Entry: /Users/abinashdas/.p2/pool/plugins/org.eclipse.m2e.maven.runtime_3.9.1100.20250811-2018/jars/plexus-sec-dispatcher-2.0.jar
2026-03-09 11:36:47,773 [Worker-13: Launching mavenrun-a21b9653-e5c7-4fff-9975-2e5183b4279e] INFO  o.eclipse.m2e.core.internal.Bundles - 	Entry: /Users/abinashdas/.p2/pool/plugins/org.eclipse.m2e.maven.runtime_3.9.1100.20250811-2018/jars/plexus-utils-3.6.0.jar
2026-03-09 11:36:47,773 [Worker-13: Launching mavenrun-a21b9653-e5c7-4fff-9975-2e5183b4279e] INFO  o.eclipse.m2e.core.internal.Bundles - 	Entry: /Users/abinashdas/.p2/pool/plugins/org.eclipse.m2e.maven.runtime_3.9.1100.20250811-2018/jars/wagon-file-3.5.3.jar
2026-03-09 11:36:47,774 [Worker-13: Launching mavenrun-a21b9653-e5c7-4fff-9975-2e5183b4279e] INFO  o.eclipse.m2e.core.internal.Bundles - 	Entry: /Users/abinashdas/.p2/pool/plugins/org.eclipse.m2e.maven.runtime_3.9.1100.20250811-2018/jars/wagon-http-3.5.3.jar
2026-03-09 11:36:47,774 [Worker-13: Launching mavenrun-a21b9653-e5c7-4fff-9975-2e5183b4279e] INFO  o.eclipse.m2e.core.internal.Bundles - 	Entry: /Users/abinashdas/.p2/pool/plugins/org.eclipse.m2e.maven.runtime_3.9.1100.20250811-2018/jars/wagon-http-shared-3.5.3.jar
2026-03-09 11:36:47,774 [Worker-13: Launching mavenrun-a21b9653-e5c7-4fff-9975-2e5183b4279e] INFO  o.eclipse.m2e.core.internal.Bundles - 	Entry: /Users/abinashdas/.p2/pool/plugins/org.eclipse.m2e.maven.runtime_3.9.1100.20250811-2018/jars/wagon-provider-api-3.5.3.jar
2026-03-09 11:36:47,776 [Worker-13: Launching mavenrun-a21b9653-e5c7-4fff-9975-2e5183b4279e] INFO  o.eclipse.m2e.core.internal.Bundles - getClasspathEntries(Bundle=com.google.guava_33.5.0.jre [2031])
2026-03-09 11:36:47,776 [Worker-13: Launching mavenrun-a21b9653-e5c7-4fff-9975-2e5183b4279e] INFO  o.eclipse.m2e.core.internal.Bundles - 	Entry: /Users/abinashdas/.p2/pool/plugins/com.google.guava_33.5.0.jre.jar
2026-03-09 11:36:47,776 [Worker-13: Launching mavenrun-a21b9653-e5c7-4fff-9975-2e5183b4279e] INFO  o.eclipse.m2e.core.internal.Bundles - getClasspathEntries(Bundle=slf4j.api_2.0.17 [2009])
2026-03-09 11:36:47,776 [Worker-13: Launching mavenrun-a21b9653-e5c7-4fff-9975-2e5183b4279e] INFO  o.eclipse.m2e.core.internal.Bundles - 	Entry: /Users/abinashdas/.p2/pool/plugins/slf4j.api_2.0.17.jar
2026-03-09 11:36:47,776 [Worker-13: Launching mavenrun-a21b9653-e5c7-4fff-9975-2e5183b4279e] INFO  o.eclipse.m2e.core.internal.Bundles - getClasspathEntries(Bundle=jakarta.inject.jakarta.inject-api_1.0.5 [1040])
2026-03-09 11:36:47,777 [Worker-13: Launching mavenrun-a21b9653-e5c7-4fff-9975-2e5183b4279e] INFO  o.eclipse.m2e.core.internal.Bundles - 	Entry: /Users/abinashdas/.p2/pool/plugins/jakarta.inject.jakarta.inject-api_1.0.5.jar
2026-03-09 11:36:47,777 [Worker-13: Launching mavenrun-a21b9653-e5c7-4fff-9975-2e5183b4279e] INFO  o.eclipse.m2e.core.internal.Bundles - getClasspathEntries(Bundle=jakarta.annotation-api_1.3.5 [1036])
2026-03-09 11:36:47,777 [Worker-13: Launching mavenrun-a21b9653-e5c7-4fff-9975-2e5183b4279e] INFO  o.eclipse.m2e.core.internal.Bundles - 	Entry: /Users/abinashdas/.p2/pool/plugins/jakarta.annotation-api_1.3.5.jar
2026-03-09 11:36:47,777 [Worker-13: Launching mavenrun-a21b9653-e5c7-4fff-9975-2e5183b4279e] INFO  o.eclipse.m2e.core.internal.Bundles - getClasspathEntries(Bundle=org.apache.commons.cli_1.11.0 [2043])
2026-03-09 11:36:47,777 [Worker-13: Launching mavenrun-a21b9653-e5c7-4fff-9975-2e5183b4279e] INFO  o.eclipse.m2e.core.internal.Bundles - 	Entry: /Users/abinashdas/.p2/pool/plugins/org.apache.commons.cli_1.11.0.jar
2026-03-09 11:36:47,777 [Worker-13: Launching mavenrun-a21b9653-e5c7-4fff-9975-2e5183b4279e] INFO  o.eclipse.m2e.core.internal.Bundles - getClasspathEntries(Bundle=org.apache.commons.commons-codec_1.20.0 [1082])
2026-03-09 11:36:47,777 [Worker-13: Launching mavenrun-a21b9653-e5c7-4fff-9975-2e5183b4279e] INFO  o.eclipse.m2e.core.internal.Bundles - 	Entry: /Users/abinashdas/.p2/pool/plugins/org.apache.commons.commons-codec_1.20.0.jar
2026-03-09 11:36:47,777 [Worker-13: Launching mavenrun-a21b9653-e5c7-4fff-9975-2e5183b4279e] INFO  o.eclipse.m2e.core.internal.Bundles - getClasspathEntries(Bundle=com.google.guava.failureaccess_1.0.3 [1024])
2026-03-09 11:36:47,777 [Worker-13: Launching mavenrun-a21b9653-e5c7-4fff-9975-2e5183b4279e] INFO  o.eclipse.m2e.core.internal.Bundles - 	Entry: /Users/abinashdas/.p2/pool/plugins/com.google.guava.failureaccess_1.0.3.jar
2026-03-09 11:36:47,780 [Worker-13: Launching mavenrun-a21b9653-e5c7-4fff-9975-2e5183b4279e] INFO  o.e.m.i.launch.MavenLaunchDelegate - Run build in "/var/folders/bt/yrck1l4958l8zdf_kjsftwym0000gn/T/m2e-archetypeGenerator881977389786722361":
2026-03-09 11:36:47,794 [Worker-13: Launching mavenrun-a21b9653-e5c7-4fff-9975-2e5183b4279e] INFO  o.e.m.i.launch.MavenLaunchDelegate -  mvn  -DarchetypeGroupId=org.apache.maven.archetypes -DarchetypeArtifactId=maven-archetype-quickstart -DarchetypeVersion=1.1 -DgroupId=com.kodewish -DartifactId=PreparedStatementDemo -Dversion=0.0.1-SNAPSHOT -Dpackage=com.kodewish.PreparedStatementDemo -DoutputDirectory="/Users/abinashdas/Desktop/KodeWala java" -Dstyle.color=always -U archetype:generate
2026-03-09 11:37:53,207 [Worker-3: Creating maven-archetype-quickstart] INFO  o.e.m.c.i.p.ProjectConfigurationManager - Collecting project info '/pom.xml' /Users/abinashdas/Desktop/KodeWala java/PreparedStatementDemo/pom.xml
2026-03-09 11:37:56,190 [Worker-3: Creating maven-archetype-quickstart] INFO  o.e.m.c.i.l.LifecycleMappingFactory - Using org.eclipse.m2e.jdt.JarLifecycleMapping lifecycle mapping for MavenProject: com.kodewish:PreparedStatementDemo:0.0.1-SNAPSHOT @ /Users/abinashdas/Desktop/KodeWala java/PreparedStatementDemo/pom.xml.
2026-03-09 11:37:57,955 [Worker-3: Creating maven-archetype-quickstart] INFO  o.e.m.j.i.AbstractJavaProjectConfigurator - Adding source folder /PreparedStatementDemo/src/main/java
2026-03-09 11:37:57,962 [Worker-3: Creating maven-archetype-quickstart] INFO  o.e.m.j.i.AbstractJavaProjectConfigurator - Adding resource folder /PreparedStatementDemo/src/main/resources
2026-03-09 11:37:57,970 [Worker-3: Creating maven-archetype-quickstart] INFO  o.e.m.j.i.AbstractJavaProjectConfigurator - Adding source folder /PreparedStatementDemo/src/test/java
2026-03-09 11:37:57,970 [Worker-3: Creating maven-archetype-quickstart] INFO  o.e.m.j.i.AbstractJavaProjectConfigurator - Adding resource folder /PreparedStatementDemo/src/test/resources
2026-03-09 11:37:58,128 [Worker-3: Creating maven-archetype-quickstart] WARN  o.apache.maven.project.MavenProject - Direct modification of compileSourceRoots through clear() is deprecated and will not work in Maven 4.0.0. Please use the add/remove methods instead. If you're using a plugin that causes this warning, please upgrade to the latest version and report an issue if the warning persists. To disable these warnings, set -Dmaven.project.sourceRoots.warningsDisabled=true on the command line, in the .mvn/maven.config file, or in project POM properties.
2026-03-09 11:37:58,139 [Worker-3: Creating maven-archetype-quickstart] WARN  o.apache.maven.project.MavenProject - Direct modification of compileSourceRoots through add() is deprecated and will not work in Maven 4.0.0. Please use the add/remove methods instead. If you're using a plugin that causes this warning, please upgrade to the latest version and report an issue if the warning persists. To disable these warnings, set -Dmaven.project.sourceRoots.warningsDisabled=true on the command line, in the .mvn/maven.config file, or in project POM properties.
2026-03-09 11:37:58,140 [Worker-3: Creating maven-archetype-quickstart] WARN  o.apache.maven.project.MavenProject - Direct modification of testCompileSourceRoots through clear() is deprecated and will not work in Maven 4.0.0. Please use the add/remove methods instead. If you're using a plugin that causes this warning, please upgrade to the latest version and report an issue if the warning persists. To disable these warnings, set -Dmaven.project.sourceRoots.warningsDisabled=true on the command line, in the .mvn/maven.config file, or in project POM properties.
2026-03-09 11:37:58,141 [Worker-3: Creating maven-archetype-quickstart] WARN  o.apache.maven.project.MavenProject - Direct modification of testCompileSourceRoots through add() is deprecated and will not work in Maven 4.0.0. Please use the add/remove methods instead. If you're using a plugin that causes this warning, please upgrade to the latest version and report an issue if the warning persists. To disable these warnings, set -Dmaven.project.sourceRoots.warningsDisabled=true on the command line, in the .mvn/maven.config file, or in project POM properties.
2026-03-09 11:37:58,196 [Worker-3: Creating maven-archetype-quickstart] INFO  o.e.m.c.i.p.ProjectConfigurationManager - Imported and configured 1 project(s) in 4 sec
2026-03-09 11:37:59,973 [Worker-1: Building] INFO  o.a.m.s.f.DefaultMavenResourcesFiltering - skip non existing resourceDirectory /Users/abinashdas/Desktop/KodeWala java/Junit_demo/src/main/resources
2026-03-09 11:37:59,982 [Worker-1: Building] INFO  o.a.m.s.f.DefaultMavenResourcesFiltering - skip non existing resourceDirectory /Users/abinashdas/Desktop/KodeWala java/Junit_demo/src/test/resources
2026-03-09 11:38:00,877 [Worker-1: Building] WARN  o.apache.maven.project.MavenProject - Direct modification of compileSourceRoots through clear() is deprecated and will not work in Maven 4.0.0. Please use the add/remove methods instead. If you're using a plugin that causes this warning, please upgrade to the latest version and report an issue if the warning persists. To disable these warnings, set -Dmaven.project.sourceRoots.warningsDisabled=true on the command line, in the .mvn/maven.config file, or in project POM properties.
2026-03-09 11:38:00,879 [Worker-1: Building] WARN  o.apache.maven.project.MavenProject - Direct modification of compileSourceRoots through add() is deprecated and will not work in Maven 4.0.0. Please use the add/remove methods instead. If you're using a plugin that causes this warning, please upgrade to the latest version and report an issue if the warning persists. To disable these warnings, set -Dmaven.project.sourceRoots.warningsDisabled=true on the command line, in the .mvn/maven.config file, or in project POM properties.
2026-03-09 11:38:00,879 [Worker-1: Building] WARN  o.apache.maven.project.MavenProject - Direct modification of testCompileSourceRoots through clear() is deprecated and will not work in Maven 4.0.0. Please use the add/remove methods instead. If you're using a plugin that causes this warning, please upgrade to the latest version and report an issue if the warning persists. To disable these warnings, set -Dmaven.project.sourceRoots.warningsDisabled=true on the command line, in the .mvn/maven.config file, or in project POM properties.
2026-03-09 11:38:00,880 [Worker-1: Building] WARN  o.apache.maven.project.MavenProject - Direct modification of testCompileSourceRoots through add() is deprecated and will not work in Maven 4.0.0. Please use the add/remove methods instead. If you're using a plugin that causes this warning, please upgrade to the latest version and report an issue if the warning persists. To disable these warnings, set -Dmaven.project.sourceRoots.warningsDisabled=true on the command line, in the .mvn/maven.config file, or in project POM properties.
2026-03-09 11:38:01,395 [Worker-1: Building] INFO  o.a.m.s.f.DefaultMavenResourcesFiltering - skip non existing resourceDirectory /Users/abinashdas/Desktop/KodeWala java/PreparedStatementDemo/src/main/resources
2026-03-09 11:38:01,410 [Worker-1: Building] INFO  o.a.m.s.f.DefaultMavenResourcesFiltering - skip non existing resourceDirectory /Users/abinashdas/Desktop/KodeWala java/PreparedStatementDemo/src/test/resources
2026-03-09 11:38:02,218 [Worker-1: Building] WARN  o.apache.maven.project.MavenProject - Direct modification of compileSourceRoots through clear() is deprecated and will not work in Maven 4.0.0. Please use the add/remove methods instead. If you're using a plugin that causes this warning, please upgrade to the latest version and report an issue if the warning persists. To disable these warnings, set -Dmaven.project.sourceRoots.warningsDisabled=true on the command line, in the .mvn/maven.config file, or in project POM properties.
2026-03-09 11:38:02,219 [Worker-1: Building] WARN  o.apache.maven.project.MavenProject - Direct modification of compileSourceRoots through add() is deprecated and will not work in Maven 4.0.0. Please use the add/remove methods instead. If you're using a plugin that causes this warning, please upgrade to the latest version and report an issue if the warning persists. To disable these warnings, set -Dmaven.project.sourceRoots.warningsDisabled=true on the command line, in the .mvn/maven.config file, or in project POM properties.
2026-03-09 11:38:02,221 [Worker-1: Building] WARN  o.apache.maven.project.MavenProject - Direct modification of testCompileSourceRoots through clear() is deprecated and will not work in Maven 4.0.0. Please use the add/remove methods instead. If you're using a plugin that causes this warning, please upgrade to the latest version and report an issue if the warning persists. To disable these warnings, set -Dmaven.project.sourceRoots.warningsDisabled=true on the command line, in the .mvn/maven.config file, or in project POM properties.
2026-03-09 11:38:02,222 [Worker-1: Building] WARN  o.apache.maven.project.MavenProject - Direct modification of testCompileSourceRoots through add() is deprecated and will not work in Maven 4.0.0. Please use the add/remove methods instead. If you're using a plugin that causes this warning, please upgrade to the latest version and report an issue if the warning persists. To disable these warnings, set -Dmaven.project.sourceRoots.warningsDisabled=true on the command line, in the .mvn/maven.config file, or in project POM properties.
2026-03-09 11:38:03,294 [Worker-1: Building] INFO  o.a.m.s.f.DefaultMavenResourcesFiltering - Copying 0 resource from src/main/resources to target/classes
2026-03-09 11:38:03,306 [Worker-1: Building] INFO  o.a.m.s.f.DefaultMavenResourcesFiltering - Copying 0 resource from src/test/resources to target/test-classes
2026-03-09 11:38:03,369 [Worker-1: Building] WARN  o.apache.maven.project.MavenProject - Direct modification of compileSourceRoots through clear() is deprecated and will not work in Maven 4.0.0. Please use the add/remove methods instead. If you're using a plugin that causes this warning, please upgrade to the latest version and report an issue if the warning persists. To disable these warnings, set -Dmaven.project.sourceRoots.warningsDisabled=true on the command line, in the .mvn/maven.config file, or in project POM properties.
2026-03-09 11:38:03,370 [Worker-1: Building] WARN  o.apache.maven.project.MavenProject - Direct modification of compileSourceRoots through add() is deprecated and will not work in Maven 4.0.0. Please use the add/remove methods instead. If you're using a plugin that causes this warning, please upgrade to the latest version and report an issue if the warning persists. To disable these warnings, set -Dmaven.project.sourceRoots.warningsDisabled=true on the command line, in the .mvn/maven.config file, or in project POM properties.
2026-03-09 11:38:03,375 [Worker-1: Building] WARN  o.apache.maven.project.MavenProject - Direct modification of testCompileSourceRoots through clear() is deprecated and will not work in Maven 4.0.0. Please use the add/remove methods instead. If you're using a plugin that causes this warning, please upgrade to the latest version and report an issue if the warning persists. To disable these warnings, set -Dmaven.project.sourceRoots.warningsDisabled=true on the command line, in the .mvn/maven.config file, or in project POM properties.
2026-03-09 11:38:03,376 [Worker-1: Building] WARN  o.apache.maven.project.MavenProject - Direct modification of testCompileSourceRoots through add() is deprecated and will not work in Maven 4.0.0. Please use the add/remove methods instead. If you're using a plugin that causes this warning, please upgrade to the latest version and report an issue if the warning persists. To disable these warnings, set -Dmaven.project.sourceRoots.warningsDisabled=true on the command line, in the .mvn/maven.config file, or in project POM properties.
2026-03-09 11:38:17,040 [Worker-11: Building] INFO  o.e.m.c.i.l.LifecycleMappingFactory - Using org.eclipse.m2e.jdt.JarLifecycleMapping lifecycle mapping for MavenProject: com.kodewish:PreparedStatementDemo:0.0.1-SNAPSHOT @ /Users/abinashdas/Desktop/KodeWala java/PreparedStatementDemo/pom.xml.
2026-03-09 11:38:17,227 [Worker-11: Building] INFO  o.e.m.c.i.e.AbstractTransferListenerAdapter - Downloading https://repo.maven.apache.org/maven2/mysql/mysql-connector-java/5.1.48/mysql-connector-java-5.1.48.pom
2026-03-09 11:38:17,245 [Worker-11: Building] INFO  o.e.m.c.i.e.AbstractTransferListenerAdapter - Downloaded https://repo.maven.apache.org/maven2/mysql/mysql-connector-java/5.1.48/mysql-connector-java-5.1.48.pom
2026-03-09 11:38:17,278 [Worker-11: Building] INFO  o.e.m.c.i.e.AbstractTransferListenerAdapter - Downloading https://repo.maven.apache.org/maven2/mysql/mysql-connector-java/5.1.48/mysql-connector-java-5.1.48.jar
2026-03-09 11:38:17,375 [Worker-11: Building] INFO  o.e.m.c.i.e.AbstractTransferListenerAdapter - Downloaded https://repo.maven.apache.org/maven2/mysql/mysql-connector-java/5.1.48/mysql-connector-java-5.1.48.jar
2026-03-09 11:38:17,564 [Worker-11: Building] INFO  o.a.m.s.f.DefaultMavenResourcesFiltering - skip non existing resourceDirectory /Users/abinashdas/Desktop/KodeWala java/PreparedStatementDemo/src/main/resources
2026-03-09 11:38:17,569 [Worker-11: Building] INFO  o.a.m.s.f.DefaultMavenResourcesFiltering - skip non existing resourceDirectory /Users/abinashdas/Desktop/KodeWala java/PreparedStatementDemo/src/test/resources
2026-03-09 11:38:17,969 [Worker-11: Building] WARN  o.apache.maven.project.MavenProject - Direct modification of compileSourceRoots through clear() is deprecated and will not work in Maven 4.0.0. Please use the add/remove methods instead. If you're using a plugin that causes this warning, please upgrade to the latest version and report an issue if the warning persists. To disable these warnings, set -Dmaven.project.sourceRoots.warningsDisabled=true on the command line, in the .mvn/maven.config file, or in project POM properties.
2026-03-09 11:38:17,970 [Worker-11: Building] WARN  o.apache.maven.project.MavenProject - Direct modification of compileSourceRoots through add() is deprecated and will not work in Maven 4.0.0. Please use the add/remove methods instead. If you're using a plugin that causes this warning, please upgrade to the latest version and report an issue if the warning persists. To disable these warnings, set -Dmaven.project.sourceRoots.warningsDisabled=true on the command line, in the .mvn/maven.config file, or in project POM properties.
2026-03-09 11:38:17,971 [Worker-11: Building] WARN  o.apache.maven.project.MavenProject - Direct modification of testCompileSourceRoots through clear() is deprecated and will not work in Maven 4.0.0. Please use the add/remove methods instead. If you're using a plugin that causes this warning, please upgrade to the latest version and report an issue if the warning persists. To disable these warnings, set -Dmaven.project.sourceRoots.warningsDisabled=true on the command line, in the .mvn/maven.config file, or in project POM properties.
2026-03-09 11:38:17,972 [Worker-11: Building] WARN  o.apache.maven.project.MavenProject - Direct modification of testCompileSourceRoots through add() is deprecated and will not work in Maven 4.0.0. Please use the add/remove methods instead. If you're using a plugin that causes this warning, please upgrade to the latest version and report an issue if the warning persists. To disable these warnings, set -Dmaven.project.sourceRoots.warningsDisabled=true on the command line, in the .mvn/maven.config file, or in project POM properties.
2026-03-09 11:38:18,485 [Worker-14: Download sources and javadoc] INFO  o.e.m.c.i.e.AbstractTransferListenerAdapter - Downloading https://repo.maven.apache.org/maven2/mysql/mysql-connector-java/5.1.48/mysql-connector-java-5.1.48-sources.jar
2026-03-09 11:38:18,611 [Worker-14: Download sources and javadoc] INFO  o.e.m.c.i.e.AbstractTransferListenerAdapter - Downloaded https://repo.maven.apache.org/maven2/mysql/mysql-connector-java/5.1.48/mysql-connector-java-5.1.48-sources.jar
2026-03-09 11:38:18,614 [Worker-14: Download sources and javadoc] INFO  o.e.m.j.internal.DownloadSourcesJob - Downloaded sources for mysql:mysql-connector-java:5.1.48
2026-03-09 11:38:19,314 [Worker-1: Building] INFO  o.a.m.s.f.DefaultMavenResourcesFiltering - skip non existing resourceDirectory /Users/abinashdas/Desktop/KodeWala java/PreparedStatementDemo/src/main/resources
2026-03-09 11:38:19,322 [Worker-1: Building] INFO  o.a.m.s.f.DefaultMavenResourcesFiltering - skip non existing resourceDirectory /Users/abinashdas/Desktop/KodeWala java/PreparedStatementDemo/src/test/resources
2026-03-09 11:38:19,341 [Worker-1: Building] WARN  o.apache.maven.project.MavenProject - Direct modification of compileSourceRoots through clear() is deprecated and will not work in Maven 4.0.0. Please use the add/remove methods instead. If you're using a plugin that causes this warning, please upgrade to the latest version and report an issue if the warning persists. To disable these warnings, set -Dmaven.project.sourceRoots.warningsDisabled=true on the command line, in the .mvn/maven.config file, or in project POM properties.
2026-03-09 11:38:19,341 [Worker-1: Building] WARN  o.apache.maven.project.MavenProject - Direct modification of compileSourceRoots through add() is deprecated and will not work in Maven 4.0.0. Please use the add/remove methods instead. If you're using a plugin that causes this warning, please upgrade to the latest version and report an issue if the warning persists. To disable these warnings, set -Dmaven.project.sourceRoots.warningsDisabled=true on the command line, in the .mvn/maven.config file, or in project POM properties.
2026-03-09 11:38:19,343 [Worker-1: Building] WARN  o.apache.maven.project.MavenProject - Direct modification of testCompileSourceRoots through clear() is deprecated and will not work in Maven 4.0.0. Please use the add/remove methods instead. If you're using a plugin that causes this warning, please upgrade to the latest version and report an issue if the warning persists. To disable these warnings, set -Dmaven.project.sourceRoots.warningsDisabled=true on the command line, in the .mvn/maven.config file, or in project POM properties.
2026-03-09 11:38:19,344 [Worker-1: Building] WARN  o.apache.maven.project.MavenProject - Direct modification of testCompileSourceRoots through add() is deprecated and will not work in Maven 4.0.0. Please use the add/remove methods instead. If you're using a plugin that causes this warning, please upgrade to the latest version and report an issue if the warning persists. To disable these warnings, set -Dmaven.project.sourceRoots.warningsDisabled=true on the command line, in the .mvn/maven.config file, or in project POM properties.
2026-03-09 11:38:47,177 [Worker-12: Building] INFO  o.a.m.s.f.DefaultMavenResourcesFiltering - skip non existing resourceDirectory /Users/abinashdas/Desktop/KodeWala java/PreparedStatementDemo/src/main/resources
2026-03-09 11:38:47,181 [Worker-12: Building] INFO  o.a.m.s.f.DefaultMavenResourcesFiltering - skip non existing resourceDirectory /Users/abinashdas/Desktop/KodeWala java/PreparedStatementDemo/src/test/resources
2026-03-09 11:38:47,205 [Worker-12: Building] WARN  o.apache.maven.project.MavenProject - Direct modification of compileSourceRoots through clear() is deprecated and will not work in Maven 4.0.0. Please use the add/remove methods instead. If you're using a plugin that causes this warning, please upgrade to the latest version and report an issue if the warning persists. To disable these warnings, set -Dmaven.project.sourceRoots.warningsDisabled=true on the command line, in the .mvn/maven.config file, or in project POM properties.
2026-03-09 11:38:47,206 [Worker-12: Building] WARN  o.apache.maven.project.MavenProject - Direct modification of compileSourceRoots through add() is deprecated and will not work in Maven 4.0.0. Please use the add/remove methods instead. If you're using a plugin that causes this warning, please upgrade to the latest version and report an issue if the warning persists. To disable these warnings, set -Dmaven.project.sourceRoots.warningsDisabled=true on the command line, in the .mvn/maven.config file, or in project POM properties.
2026-03-09 11:38:47,207 [Worker-12: Building] WARN  o.apache.maven.project.MavenProject - Direct modification of testCompileSourceRoots through clear() is deprecated and will not work in Maven 4.0.0. Please use the add/remove methods instead. If you're using a plugin that causes this warning, please upgrade to the latest version and report an issue if the warning persists. To disable these warnings, set -Dmaven.project.sourceRoots.warningsDisabled=true on the command line, in the .mvn/maven.config file, or in project POM properties.
2026-03-09 11:38:47,208 [Worker-12: Building] WARN  o.apache.maven.project.MavenProject - Direct modification of testCompileSourceRoots through add() is deprecated and will not work in Maven 4.0.0. Please use the add/remove methods instead. If you're using a plugin that causes this warning, please upgrade to the latest version and report an issue if the warning persists. To disable these warnings, set -Dmaven.project.sourceRoots.warningsDisabled=true on the command line, in the .mvn/maven.config file, or in project POM properties.
2026-03-09 11:38:47,788 [Worker-11: Building] INFO  o.a.m.s.f.DefaultMavenResourcesFiltering - skip non existing resourceDirectory /Users/abinashdas/Desktop/KodeWala java/PreparedStatementDemo/src/main/resources
2026-03-09 11:38:47,794 [Worker-11: Building] INFO  o.a.m.s.f.DefaultMavenResourcesFiltering - skip non existing resourceDirectory /Users/abinashdas/Desktop/KodeWala java/PreparedStatementDemo/src/test/resources
2026-03-09 11:38:47,795 [Worker-11: Building] WARN  o.apache.maven.project.MavenProject - Direct modification of compileSourceRoots through clear() is deprecated and will not work in Maven 4.0.0. Please use the add/remove methods instead. If you're using a plugin that causes this warning, please upgrade to the latest version and report an issue if the warning persists. To disable these warnings, set -Dmaven.project.sourceRoots.warningsDisabled=true on the command line, in the .mvn/maven.config file, or in project POM properties.
2026-03-09 11:38:47,796 [Worker-11: Building] WARN  o.apache.maven.project.MavenProject - Direct modification of compileSourceRoots through add() is deprecated and will not work in Maven 4.0.0. Please use the add/remove methods instead. If you're using a plugin that causes this warning, please upgrade to the latest version and report an issue if the warning persists. To disable these warnings, set -Dmaven.project.sourceRoots.warningsDisabled=true on the command line, in the .mvn/maven.config file, or in project POM properties.
2026-03-09 11:38:47,800 [Worker-11: Building] WARN  o.apache.maven.project.MavenProject - Direct modification of testCompileSourceRoots through clear() is deprecated and will not work in Maven 4.0.0. Please use the add/remove methods instead. If you're using a plugin that causes this warning, please upgrade to the latest version and report an issue if the warning persists. To disable these warnings, set -Dmaven.project.sourceRoots.warningsDisabled=true on the command line, in the .mvn/maven.config file, or in project POM properties.
2026-03-09 11:38:47,801 [Worker-11: Building] WARN  o.apache.maven.project.MavenProject - Direct modification of testCompileSourceRoots through add() is deprecated and will not work in Maven 4.0.0. Please use the add/remove methods instead. If you're using a plugin that causes this warning, please upgrade to the latest version and report an issue if the warning persists. To disable these warnings, set -Dmaven.project.sourceRoots.warningsDisabled=true on the command line, in the .mvn/maven.config file, or in project POM properties.
2026-03-09 11:44:15,007 [Worker-4: Building] INFO  o.a.m.s.f.DefaultMavenResourcesFiltering - skip non existing resourceDirectory /Users/abinashdas/Desktop/KodeWala java/PreparedStatementDemo/src/main/resources
2026-03-09 11:44:15,013 [Worker-4: Building] INFO  o.a.m.s.f.DefaultMavenResourcesFiltering - skip non existing resourceDirectory /Users/abinashdas/Desktop/KodeWala java/PreparedStatementDemo/src/test/resources
2026-03-09 11:44:15,014 [Worker-4: Building] WARN  o.apache.maven.project.MavenProject - Direct modification of compileSourceRoots through clear() is deprecated and will not work in Maven 4.0.0. Please use the add/remove methods instead. If you're using a plugin that causes this warning, please upgrade to the latest version and report an issue if the warning persists. To disable these warnings, set -Dmaven.project.sourceRoots.warningsDisabled=true on the command line, in the .mvn/maven.config file, or in project POM properties.
2026-03-09 11:44:15,015 [Worker-4: Building] WARN  o.apache.maven.project.MavenProject - Direct modification of compileSourceRoots through add() is deprecated and will not work in Maven 4.0.0. Please use the add/remove methods instead. If you're using a plugin that causes this warning, please upgrade to the latest version and report an issue if the warning persists. To disable these warnings, set -Dmaven.project.sourceRoots.warningsDisabled=true on the command line, in the .mvn/maven.config file, or in project POM properties.
2026-03-09 11:44:15,016 [Worker-4: Building] WARN  o.apache.maven.project.MavenProject - Direct modification of testCompileSourceRoots through clear() is deprecated and will not work in Maven 4.0.0. Please use the add/remove methods instead. If you're using a plugin that causes this warning, please upgrade to the latest version and report an issue if the warning persists. To disable these warnings, set -Dmaven.project.sourceRoots.warningsDisabled=true on the command line, in the .mvn/maven.config file, or in project POM properties.
2026-03-09 11:44:15,017 [Worker-4: Building] WARN  o.apache.maven.project.MavenProject - Direct modification of testCompileSourceRoots through add() is deprecated and will not work in Maven 4.0.0. Please use the add/remove methods instead. If you're using a plugin that causes this warning, please upgrade to the latest version and report an issue if the warning persists. To disable these warnings, set -Dmaven.project.sourceRoots.warningsDisabled=true on the command line, in the .mvn/maven.config file, or in project POM properties.
2026-03-09 11:46:17,147 [Worker-14: Building] INFO  o.a.m.s.f.DefaultMavenResourcesFiltering - skip non existing resourceDirectory /Users/abinashdas/Desktop/KodeWala java/PreparedStatementDemo/src/main/resources
2026-03-09 11:46:17,153 [Worker-14: Building] INFO  o.a.m.s.f.DefaultMavenResourcesFiltering - skip non existing resourceDirectory /Users/abinashdas/Desktop/KodeWala java/PreparedStatementDemo/src/test/resources
2026-03-09 11:46:17,153 [Worker-14: Building] WARN  o.apache.maven.project.MavenProject - Direct modification of compileSourceRoots through clear() is deprecated and will not work in Maven 4.0.0. Please use the add/remove methods instead. If you're using a plugin that causes this warning, please upgrade to the latest version and report an issue if the warning persists. To disable these warnings, set -Dmaven.project.sourceRoots.warningsDisabled=true on the command line, in the .mvn/maven.config file, or in project POM properties.
2026-03-09 11:46:17,155 [Worker-14: Building] WARN  o.apache.maven.project.MavenProject - Direct modification of compileSourceRoots through add() is deprecated and will not work in Maven 4.0.0. Please use the add/remove methods instead. If you're using a plugin that causes this warning, please upgrade to the latest version and report an issue if the warning persists. To disable these warnings, set -Dmaven.project.sourceRoots.warningsDisabled=true on the command line, in the .mvn/maven.config file, or in project POM properties.
2026-03-09 11:46:17,156 [Worker-14: Building] WARN  o.apache.maven.project.MavenProject - Direct modification of testCompileSourceRoots through clear() is deprecated and will not work in Maven 4.0.0. Please use the add/remove methods instead. If you're using a plugin that causes this warning, please upgrade to the latest version and report an issue if the warning persists. To disable these warnings, set -Dmaven.project.sourceRoots.warningsDisabled=true on the command line, in the .mvn/maven.config file, or in project POM properties.
2026-03-09 11:46:17,157 [Worker-14: Building] WARN  o.apache.maven.project.MavenProject - Direct modification of testCompileSourceRoots through add() is deprecated and will not work in Maven 4.0.0. Please use the add/remove methods instead. If you're using a plugin that causes this warning, please upgrade to the latest version and report an issue if the warning persists. To disable these warnings, set -Dmaven.project.sourceRoots.warningsDisabled=true on the command line, in the .mvn/maven.config file, or in project POM properties.
2026-03-09 12:12:16,212 [Worker-11: Building] INFO  o.a.m.s.f.DefaultMavenResourcesFiltering - skip non existing resourceDirectory /Users/abinashdas/Desktop/KodeWala java/PreparedStatementDemo/src/main/resources
2026-03-09 12:12:16,217 [Worker-11: Building] INFO  o.a.m.s.f.DefaultMavenResourcesFiltering - skip non existing resourceDirectory /Users/abinashdas/Desktop/KodeWala java/PreparedStatementDemo/src/test/resources
2026-03-09 12:12:16,217 [Worker-11: Building] WARN  o.apache.maven.project.MavenProject - Direct modification of compileSourceRoots through clear() is deprecated and will not work in Maven 4.0.0. Please use the add/remove methods instead. If you're using a plugin that causes this warning, please upgrade to the latest version and report an issue if the warning persists. To disable these warnings, set -Dmaven.project.sourceRoots.warningsDisabled=true on the command line, in the .mvn/maven.config file, or in project POM properties.
2026-03-09 12:12:16,220 [Worker-11: Building] WARN  o.apache.maven.project.MavenProject - Direct modification of compileSourceRoots through add() is deprecated and will not work in Maven 4.0.0. Please use the add/remove methods instead. If you're using a plugin that causes this warning, please upgrade to the latest version and report an issue if the warning persists. To disable these warnings, set -Dmaven.project.sourceRoots.warningsDisabled=true on the command line, in the .mvn/maven.config file, or in project POM properties.
2026-03-09 12:12:16,221 [Worker-11: Building] WARN  o.apache.maven.project.MavenProject - Direct modification of testCompileSourceRoots through clear() is deprecated and will not work in Maven 4.0.0. Please use the add/remove methods instead. If you're using a plugin that causes this warning, please upgrade to the latest version and report an issue if the warning persists. To disable these warnings, set -Dmaven.project.sourceRoots.warningsDisabled=true on the command line, in the .mvn/maven.config file, or in project POM properties.
2026-03-09 12:12:16,222 [Worker-11: Building] WARN  o.apache.maven.project.MavenProject - Direct modification of testCompileSourceRoots through add() is deprecated and will not work in Maven 4.0.0. Please use the add/remove methods instead. If you're using a plugin that causes this warning, please upgrade to the latest version and report an issue if the warning persists. To disable these warnings, set -Dmaven.project.sourceRoots.warningsDisabled=true on the command line, in the .mvn/maven.config file, or in project POM properties.
2026-03-09 12:13:31,889 [Worker-13: Building] INFO  o.a.m.s.f.DefaultMavenResourcesFiltering - skip non existing resourceDirectory /Users/abinashdas/Desktop/KodeWala java/PreparedStatementDemo/src/main/resources
2026-03-09 12:13:31,892 [Worker-13: Building] INFO  o.a.m.s.f.DefaultMavenResourcesFiltering - skip non existing resourceDirectory /Users/abinashdas/Desktop/KodeWala java/PreparedStatementDemo/src/test/resources
2026-03-09 12:13:31,892 [Worker-13: Building] WARN  o.apache.maven.project.MavenProject - Direct modification of compileSourceRoots through clear() is deprecated and will not work in Maven 4.0.0. Please use the add/remove methods instead. If you're using a plugin that causes this warning, please upgrade to the latest version and report an issue if the warning persists. To disable these warnings, set -Dmaven.project.sourceRoots.warningsDisabled=true on the command line, in the .mvn/maven.config file, or in project POM properties.
2026-03-09 12:13:31,893 [Worker-13: Building] WARN  o.apache.maven.project.MavenProject - Direct modification of compileSourceRoots through add() is deprecated and will not work in Maven 4.0.0. Please use the add/remove methods instead. If you're using a plugin that causes this warning, please upgrade to the latest version and report an issue if the warning persists. To disable these warnings, set -Dmaven.project.sourceRoots.warningsDisabled=true on the command line, in the .mvn/maven.config file, or in project POM properties.
2026-03-09 12:13:31,894 [Worker-13: Building] WARN  o.apache.maven.project.MavenProject - Direct modification of testCompileSourceRoots through clear() is deprecated and will not work in Maven 4.0.0. Please use the add/remove methods instead. If you're using a plugin that causes this warning, please upgrade to the latest version and report an issue if the warning persists. To disable these warnings, set -Dmaven.project.sourceRoots.warningsDisabled=true on the command line, in the .mvn/maven.config file, or in project POM properties.
2026-03-09 12:13:31,895 [Worker-13: Building] WARN  o.apache.maven.project.MavenProject - Direct modification of testCompileSourceRoots through add() is deprecated and will not work in Maven 4.0.0. Please use the add/remove methods instead. If you're using a plugin that causes this warning, please upgrade to the latest version and report an issue if the warning persists. To disable these warnings, set -Dmaven.project.sourceRoots.warningsDisabled=true on the command line, in the .mvn/maven.config file, or in project POM properties.
2026-03-09 12:38:02,719 [Worker-21: Launching mavenrun-c88723a8-9a59-4979-b45c-a218888b340d] INFO  o.eclipse.m2e.core.internal.Bundles - getClasspathEntries(Bundle=org.eclipse.m2e.maven.runtime_3.9.1100.20250811-2018 [1644])
2026-03-09 12:38:02,721 [Worker-21: Launching mavenrun-c88723a8-9a59-4979-b45c-a218888b340d] INFO  o.eclipse.m2e.core.internal.Bundles - 	Entry: /Users/abinashdas/.p2/pool/plugins/org.eclipse.m2e.maven.runtime_3.9.1100.20250811-2018
2026-03-09 12:38:02,722 [Worker-21: Launching mavenrun-c88723a8-9a59-4979-b45c-a218888b340d] INFO  o.eclipse.m2e.core.internal.Bundles - 	Entry: /Users/abinashdas/.p2/pool/plugins/org.eclipse.m2e.maven.runtime_3.9.1100.20250811-2018/jars/aopalliance-1.0.jar
2026-03-09 12:38:02,722 [Worker-21: Launching mavenrun-c88723a8-9a59-4979-b45c-a218888b340d] INFO  o.eclipse.m2e.core.internal.Bundles - 	Entry: /Users/abinashdas/.p2/pool/plugins/org.eclipse.m2e.maven.runtime_3.9.1100.20250811-2018/jars/asm-9.8.jar
2026-03-09 12:38:02,722 [Worker-21: Launching mavenrun-c88723a8-9a59-4979-b45c-a218888b340d] INFO  o.eclipse.m2e.core.internal.Bundles - 	Entry: /Users/abinashdas/.p2/pool/plugins/org.eclipse.m2e.maven.runtime_3.9.1100.20250811-2018/jars/error_prone_annotations-2.38.0.jar
2026-03-09 12:38:02,722 [Worker-21: Launching mavenrun-c88723a8-9a59-4979-b45c-a218888b340d] INFO  o.eclipse.m2e.core.internal.Bundles - 	Entry: /Users/abinashdas/.p2/pool/plugins/org.eclipse.m2e.maven.runtime_3.9.1100.20250811-2018/jars/gson-2.13.1.jar
2026-03-09 12:38:02,723 [Worker-21: Launching mavenrun-c88723a8-9a59-4979-b45c-a218888b340d] INFO  o.eclipse.m2e.core.internal.Bundles - 	Entry: /Users/abinashdas/.p2/pool/plugins/org.eclipse.m2e.maven.runtime_3.9.1100.20250811-2018/jars/guice-5.1.0-classes.jar
2026-03-09 12:38:02,723 [Worker-21: Launching mavenrun-c88723a8-9a59-4979-b45c-a218888b340d] INFO  o.eclipse.m2e.core.internal.Bundles - 	Entry: /Users/abinashdas/.p2/pool/plugins/org.eclipse.m2e.maven.runtime_3.9.1100.20250811-2018/jars/httpclient-4.5.14.jar
2026-03-09 12:38:02,723 [Worker-21: Launching mavenrun-c88723a8-9a59-4979-b45c-a218888b340d] INFO  o.eclipse.m2e.core.internal.Bundles - 	Entry: /Users/abinashdas/.p2/pool/plugins/org.eclipse.m2e.maven.runtime_3.9.1100.20250811-2018/jars/httpcore-4.4.16.jar
2026-03-09 12:38:02,723 [Worker-21: Launching mavenrun-c88723a8-9a59-4979-b45c-a218888b340d] INFO  o.eclipse.m2e.core.internal.Bundles - 	Entry: /Users/abinashdas/.p2/pool/plugins/org.eclipse.m2e.maven.runtime_3.9.1100.20250811-2018/jars/jansi-2.4.2.jar
2026-03-09 12:38:02,723 [Worker-21: Launching mavenrun-c88723a8-9a59-4979-b45c-a218888b340d] INFO  o.eclipse.m2e.core.internal.Bundles - 	Entry: /Users/abinashdas/.p2/pool/plugins/org.eclipse.m2e.maven.runtime_3.9.1100.20250811-2018/jars/jcl-over-slf4j-1.7.36.jar
2026-03-09 12:38:02,723 [Worker-21: Launching mavenrun-c88723a8-9a59-4979-b45c-a218888b340d] INFO  o.eclipse.m2e.core.internal.Bundles - 	Entry: /Users/abinashdas/.p2/pool/plugins/org.eclipse.m2e.maven.runtime_3.9.1100.20250811-2018/jars/maven-artifact-3.9.11.jar
2026-03-09 12:38:02,724 [Worker-21: Launching mavenrun-c88723a8-9a59-4979-b45c-a218888b340d] INFO  o.eclipse.m2e.core.internal.Bundles - 	Entry: /Users/abinashdas/.p2/pool/plugins/org.eclipse.m2e.maven.runtime_3.9.1100.20250811-2018/jars/maven-builder-support-3.9.11.jar
2026-03-09 12:38:02,724 [Worker-21: Launching mavenrun-c88723a8-9a59-4979-b45c-a218888b340d] INFO  o.eclipse.m2e.core.internal.Bundles - 	Entry: /Users/abinashdas/.p2/pool/plugins/org.eclipse.m2e.maven.runtime_3.9.1100.20250811-2018/jars/maven-compat-3.9.11.jar
2026-03-09 12:38:02,724 [Worker-21: Launching mavenrun-c88723a8-9a59-4979-b45c-a218888b340d] INFO  o.eclipse.m2e.core.internal.Bundles - 	Entry: /Users/abinashdas/.p2/pool/plugins/org.eclipse.m2e.maven.runtime_3.9.1100.20250811-2018/jars/maven-core-3.9.11.jar
2026-03-09 12:38:02,724 [Worker-21: Launching mavenrun-c88723a8-9a59-4979-b45c-a218888b340d] INFO  o.eclipse.m2e.core.internal.Bundles - 	Entry: /Users/abinashdas/.p2/pool/plugins/org.eclipse.m2e.maven.runtime_3.9.1100.20250811-2018/jars/maven-embedder-3.9.11.jar
2026-03-09 12:38:02,724 [Worker-21: Launching mavenrun-c88723a8-9a59-4979-b45c-a218888b340d] INFO  o.eclipse.m2e.core.internal.Bundles - 	Entry: /Users/abinashdas/.p2/pool/plugins/org.eclipse.m2e.maven.runtime_3.9.1100.20250811-2018/jars/maven-model-3.9.11.jar
2026-03-09 12:38:02,724 [Worker-21: Launching mavenrun-c88723a8-9a59-4979-b45c-a218888b340d] INFO  o.eclipse.m2e.core.internal.Bundles - 	Entry: /Users/abinashdas/.p2/pool/plugins/org.eclipse.m2e.maven.runtime_3.9.1100.20250811-2018/jars/maven-model-builder-3.9.11.jar
2026-03-09 12:38:02,724 [Worker-21: Launching mavenrun-c88723a8-9a59-4979-b45c-a218888b340d] INFO  o.eclipse.m2e.core.internal.Bundles - 	Entry: /Users/abinashdas/.p2/pool/plugins/org.eclipse.m2e.maven.runtime_3.9.1100.20250811-2018/jars/maven-plugin-api-3.9.11.jar
2026-03-09 12:38:02,725 [Worker-21: Launching mavenrun-c88723a8-9a59-4979-b45c-a218888b340d] INFO  o.eclipse.m2e.core.internal.Bundles - 	Entry: /Users/abinashdas/.p2/pool/plugins/org.eclipse.m2e.maven.runtime_3.9.1100.20250811-2018/jars/maven-repository-metadata-3.9.11.jar
2026-03-09 12:38:02,726 [Worker-21: Launching mavenrun-c88723a8-9a59-4979-b45c-a218888b340d] INFO  o.eclipse.m2e.core.internal.Bundles - 	Entry: /Users/abinashdas/.p2/pool/plugins/org.eclipse.m2e.maven.runtime_3.9.1100.20250811-2018/jars/maven-resolver-api-1.9.24.jar
2026-03-09 12:38:02,726 [Worker-21: Launching mavenrun-c88723a8-9a59-4979-b45c-a218888b340d] INFO  o.eclipse.m2e.core.internal.Bundles - 	Entry: /Users/abinashdas/.p2/pool/plugins/org.eclipse.m2e.maven.runtime_3.9.1100.20250811-2018/jars/maven-resolver-connector-basic-1.9.24.jar
2026-03-09 12:38:02,726 [Worker-21: Launching mavenrun-c88723a8-9a59-4979-b45c-a218888b340d] INFO  o.eclipse.m2e.core.internal.Bundles - 	Entry: /Users/abinashdas/.p2/pool/plugins/org.eclipse.m2e.maven.runtime_3.9.1100.20250811-2018/jars/maven-resolver-impl-1.9.24.jar
2026-03-09 12:38:02,727 [Worker-21: Launching mavenrun-c88723a8-9a59-4979-b45c-a218888b340d] INFO  o.eclipse.m2e.core.internal.Bundles - 	Entry: /Users/abinashdas/.p2/pool/plugins/org.eclipse.m2e.maven.runtime_3.9.1100.20250811-2018/jars/maven-resolver-named-locks-1.9.24.jar
2026-03-09 12:38:02,727 [Worker-21: Launching mavenrun-c88723a8-9a59-4979-b45c-a218888b340d] INFO  o.eclipse.m2e.core.internal.Bundles - 	Entry: /Users/abinashdas/.p2/pool/plugins/org.eclipse.m2e.maven.runtime_3.9.1100.20250811-2018/jars/maven-resolver-provider-3.9.11.jar
2026-03-09 12:38:02,727 [Worker-21: Launching mavenrun-c88723a8-9a59-4979-b45c-a218888b340d] INFO  o.eclipse.m2e.core.internal.Bundles - 	Entry: /Users/abinashdas/.p2/pool/plugins/org.eclipse.m2e.maven.runtime_3.9.1100.20250811-2018/jars/maven-resolver-spi-1.9.24.jar
2026-03-09 12:38:02,727 [Worker-21: Launching mavenrun-c88723a8-9a59-4979-b45c-a218888b340d] INFO  o.eclipse.m2e.core.internal.Bundles - 	Entry: /Users/abinashdas/.p2/pool/plugins/org.eclipse.m2e.maven.runtime_3.9.1100.20250811-2018/jars/maven-resolver-transport-file-1.9.24.jar
2026-03-09 12:38:02,727 [Worker-21: Launching mavenrun-c88723a8-9a59-4979-b45c-a218888b340d] INFO  o.eclipse.m2e.core.internal.Bundles - 	Entry: /Users/abinashdas/.p2/pool/plugins/org.eclipse.m2e.maven.runtime_3.9.1100.20250811-2018/jars/maven-resolver-transport-http-1.9.24.jar
2026-03-09 12:38:02,727 [Worker-21: Launching mavenrun-c88723a8-9a59-4979-b45c-a218888b340d] INFO  o.eclipse.m2e.core.internal.Bundles - 	Entry: /Users/abinashdas/.p2/pool/plugins/org.eclipse.m2e.maven.runtime_3.9.1100.20250811-2018/jars/maven-resolver-transport-wagon-1.9.24.jar
2026-03-09 12:38:02,727 [Worker-21: Launching mavenrun-c88723a8-9a59-4979-b45c-a218888b340d] INFO  o.eclipse.m2e.core.internal.Bundles - 	Entry: /Users/abinashdas/.p2/pool/plugins/org.eclipse.m2e.maven.runtime_3.9.1100.20250811-2018/jars/maven-resolver-util-1.9.24.jar
2026-03-09 12:38:02,727 [Worker-21: Launching mavenrun-c88723a8-9a59-4979-b45c-a218888b340d] INFO  o.eclipse.m2e.core.internal.Bundles - 	Entry: /Users/abinashdas/.p2/pool/plugins/org.eclipse.m2e.maven.runtime_3.9.1100.20250811-2018/jars/maven-settings-3.9.11.jar
2026-03-09 12:38:02,728 [Worker-21: Launching mavenrun-c88723a8-9a59-4979-b45c-a218888b340d] INFO  o.eclipse.m2e.core.internal.Bundles - 	Entry: /Users/abinashdas/.p2/pool/plugins/org.eclipse.m2e.maven.runtime_3.9.1100.20250811-2018/jars/maven-settings-builder-3.9.11.jar
2026-03-09 12:38:02,728 [Worker-21: Launching mavenrun-c88723a8-9a59-4979-b45c-a218888b340d] INFO  o.eclipse.m2e.core.internal.Bundles - 	Entry: /Users/abinashdas/.p2/pool/plugins/org.eclipse.m2e.maven.runtime_3.9.1100.20250811-2018/jars/maven-shared-utils-3.4.2.jar
2026-03-09 12:38:02,728 [Worker-21: Launching mavenrun-c88723a8-9a59-4979-b45c-a218888b340d] INFO  o.eclipse.m2e.core.internal.Bundles - 	Entry: /Users/abinashdas/.p2/pool/plugins/org.eclipse.m2e.maven.runtime_3.9.1100.20250811-2018/jars/org.eclipse.sisu.inject-0.9.0.M4.jar
2026-03-09 12:38:02,728 [Worker-21: Launching mavenrun-c88723a8-9a59-4979-b45c-a218888b340d] INFO  o.eclipse.m2e.core.internal.Bundles - 	Entry: /Users/abinashdas/.p2/pool/plugins/org.eclipse.m2e.maven.runtime_3.9.1100.20250811-2018/jars/org.eclipse.sisu.plexus-0.9.0.M4.jar
2026-03-09 12:38:02,728 [Worker-21: Launching mavenrun-c88723a8-9a59-4979-b45c-a218888b340d] INFO  o.eclipse.m2e.core.internal.Bundles - 	Entry: /Users/abinashdas/.p2/pool/plugins/org.eclipse.m2e.maven.runtime_3.9.1100.20250811-2018/jars/plexus-build-api-0.0.7.jar
2026-03-09 12:38:02,728 [Worker-21: Launching mavenrun-c88723a8-9a59-4979-b45c-a218888b340d] INFO  o.eclipse.m2e.core.internal.Bundles - 	Entry: /Users/abinashdas/.p2/pool/plugins/org.eclipse.m2e.maven.runtime_3.9.1100.20250811-2018/jars/plexus-build-api-1.2.0.jar
2026-03-09 12:38:02,728 [Worker-21: Launching mavenrun-c88723a8-9a59-4979-b45c-a218888b340d] INFO  o.eclipse.m2e.core.internal.Bundles - 	Entry: /Users/abinashdas/.p2/pool/plugins/org.eclipse.m2e.maven.runtime_3.9.1100.20250811-2018/jars/plexus-cipher-2.0.jar
2026-03-09 12:38:02,728 [Worker-21: Launching mavenrun-c88723a8-9a59-4979-b45c-a218888b340d] INFO  o.eclipse.m2e.core.internal.Bundles - 	Entry: /Users/abinashdas/.p2/pool/plugins/org.eclipse.m2e.maven.runtime_3.9.1100.20250811-2018/jars/plexus-classworlds-2.9.0.jar
2026-03-09 12:38:02,729 [Worker-21: Launching mavenrun-c88723a8-9a59-4979-b45c-a218888b340d] INFO  o.eclipse.m2e.core.internal.Bundles - 	Entry: /Users/abinashdas/.p2/pool/plugins/org.eclipse.m2e.maven.runtime_3.9.1100.20250811-2018/jars/plexus-component-annotations-2.2.0.jar
2026-03-09 12:38:02,729 [Worker-21: Launching mavenrun-c88723a8-9a59-4979-b45c-a218888b340d] INFO  o.eclipse.m2e.core.internal.Bundles - 	Entry: /Users/abinashdas/.p2/pool/plugins/org.eclipse.m2e.maven.runtime_3.9.1100.20250811-2018/jars/plexus-interpolation-1.28.jar
2026-03-09 12:38:02,729 [Worker-21: Launching mavenrun-c88723a8-9a59-4979-b45c-a218888b340d] INFO  o.eclipse.m2e.core.internal.Bundles - 	Entry: /Users/abinashdas/.p2/pool/plugins/org.eclipse.m2e.maven.runtime_3.9.1100.20250811-2018/jars/plexus-sec-dispatcher-2.0.jar
2026-03-09 12:38:02,729 [Worker-21: Launching mavenrun-c88723a8-9a59-4979-b45c-a218888b340d] INFO  o.eclipse.m2e.core.internal.Bundles - 	Entry: /Users/abinashdas/.p2/pool/plugins/org.eclipse.m2e.maven.runtime_3.9.1100.20250811-2018/jars/plexus-utils-3.6.0.jar
2026-03-09 12:38:02,729 [Worker-21: Launching mavenrun-c88723a8-9a59-4979-b45c-a218888b340d] INFO  o.eclipse.m2e.core.internal.Bundles - 	Entry: /Users/abinashdas/.p2/pool/plugins/org.eclipse.m2e.maven.runtime_3.9.1100.20250811-2018/jars/wagon-file-3.5.3.jar
2026-03-09 12:38:02,729 [Worker-21: Launching mavenrun-c88723a8-9a59-4979-b45c-a218888b340d] INFO  o.eclipse.m2e.core.internal.Bundles - 	Entry: /Users/abinashdas/.p2/pool/plugins/org.eclipse.m2e.maven.runtime_3.9.1100.20250811-2018/jars/wagon-http-3.5.3.jar
2026-03-09 12:38:02,729 [Worker-21: Launching mavenrun-c88723a8-9a59-4979-b45c-a218888b340d] INFO  o.eclipse.m2e.core.internal.Bundles - 	Entry: /Users/abinashdas/.p2/pool/plugins/org.eclipse.m2e.maven.runtime_3.9.1100.20250811-2018/jars/wagon-http-shared-3.5.3.jar
2026-03-09 12:38:02,730 [Worker-21: Launching mavenrun-c88723a8-9a59-4979-b45c-a218888b340d] INFO  o.eclipse.m2e.core.internal.Bundles - 	Entry: /Users/abinashdas/.p2/pool/plugins/org.eclipse.m2e.maven.runtime_3.9.1100.20250811-2018/jars/wagon-provider-api-3.5.3.jar
2026-03-09 12:38:02,730 [Worker-21: Launching mavenrun-c88723a8-9a59-4979-b45c-a218888b340d] INFO  o.eclipse.m2e.core.internal.Bundles - getClasspathEntries(Bundle=com.google.guava_33.5.0.jre [2031])
2026-03-09 12:38:02,730 [Worker-21: Launching mavenrun-c88723a8-9a59-4979-b45c-a218888b340d] INFO  o.eclipse.m2e.core.internal.Bundles - 	Entry: /Users/abinashdas/.p2/pool/plugins/com.google.guava_33.5.0.jre.jar
2026-03-09 12:38:02,730 [Worker-21: Launching mavenrun-c88723a8-9a59-4979-b45c-a218888b340d] INFO  o.eclipse.m2e.core.internal.Bundles - getClasspathEntries(Bundle=slf4j.api_2.0.17 [2009])
2026-03-09 12:38:02,731 [Worker-21: Launching mavenrun-c88723a8-9a59-4979-b45c-a218888b340d] INFO  o.eclipse.m2e.core.internal.Bundles - 	Entry: /Users/abinashdas/.p2/pool/plugins/slf4j.api_2.0.17.jar
2026-03-09 12:38:02,731 [Worker-21: Launching mavenrun-c88723a8-9a59-4979-b45c-a218888b340d] INFO  o.eclipse.m2e.core.internal.Bundles - getClasspathEntries(Bundle=jakarta.inject.jakarta.inject-api_1.0.5 [1040])
2026-03-09 12:38:02,731 [Worker-21: Launching mavenrun-c88723a8-9a59-4979-b45c-a218888b340d] INFO  o.eclipse.m2e.core.internal.Bundles - 	Entry: /Users/abinashdas/.p2/pool/plugins/jakarta.inject.jakarta.inject-api_1.0.5.jar
2026-03-09 12:38:02,731 [Worker-21: Launching mavenrun-c88723a8-9a59-4979-b45c-a218888b340d] INFO  o.eclipse.m2e.core.internal.Bundles - getClasspathEntries(Bundle=jakarta.annotation-api_1.3.5 [1036])
2026-03-09 12:38:02,731 [Worker-21: Launching mavenrun-c88723a8-9a59-4979-b45c-a218888b340d] INFO  o.eclipse.m2e.core.internal.Bundles - 	Entry: /Users/abinashdas/.p2/pool/plugins/jakarta.annotation-api_1.3.5.jar
2026-03-09 12:38:02,731 [Worker-21: Launching mavenrun-c88723a8-9a59-4979-b45c-a218888b340d] INFO  o.eclipse.m2e.core.internal.Bundles - getClasspathEntries(Bundle=org.apache.commons.cli_1.11.0 [2043])
2026-03-09 12:38:02,732 [Worker-21: Launching mavenrun-c88723a8-9a59-4979-b45c-a218888b340d] INFO  o.eclipse.m2e.core.internal.Bundles - 	Entry: /Users/abinashdas/.p2/pool/plugins/org.apache.commons.cli_1.11.0.jar
2026-03-09 12:38:02,732 [Worker-21: Launching mavenrun-c88723a8-9a59-4979-b45c-a218888b340d] INFO  o.eclipse.m2e.core.internal.Bundles - getClasspathEntries(Bundle=org.apache.commons.commons-codec_1.20.0 [1082])
2026-03-09 12:38:02,732 [Worker-21: Launching mavenrun-c88723a8-9a59-4979-b45c-a218888b340d] INFO  o.eclipse.m2e.core.internal.Bundles - 	Entry: /Users/abinashdas/.p2/pool/plugins/org.apache.commons.commons-codec_1.20.0.jar
2026-03-09 12:38:02,732 [Worker-21: Launching mavenrun-c88723a8-9a59-4979-b45c-a218888b340d] INFO  o.eclipse.m2e.core.internal.Bundles - getClasspathEntries(Bundle=com.google.guava.failureaccess_1.0.3 [1024])
2026-03-09 12:38:02,732 [Worker-21: Launching mavenrun-c88723a8-9a59-4979-b45c-a218888b340d] INFO  o.eclipse.m2e.core.internal.Bundles - 	Entry: /Users/abinashdas/.p2/pool/plugins/com.google.guava.failureaccess_1.0.3.jar
2026-03-09 12:38:02,735 [Worker-21: Launching mavenrun-c88723a8-9a59-4979-b45c-a218888b340d] INFO  o.e.m.i.launch.MavenLaunchDelegate - Run build in "/var/folders/bt/yrck1l4958l8zdf_kjsftwym0000gn/T/m2e-archetypeGenerator4329776519222241529":
2026-03-09 12:38:02,735 [Worker-21: Launching mavenrun-c88723a8-9a59-4979-b45c-a218888b340d] INFO  o.e.m.i.launch.MavenLaunchDelegate -  mvn  -DjavaCompilerVersion=17 -DjunitVersion=5.11.0 -DarchetypeGroupId=org.apache.maven.archetypes -DarchetypeArtifactId=maven-archetype-quickstart -DarchetypeVersion=1.5 -DgroupId=com.kodewish -DartifactId=BulkDataHandleJdbc -Dversion=0.0.1-SNAPSHOT -Dpackage=com.kodewish -DoutputDirectory="/Users/abinashdas/Desktop/KodeWala java" -Dstyle.color=always -U archetype:generate
2026-03-09 12:38:16,059 [Worker-25: Creating maven-archetype-quickstart] INFO  o.e.m.c.i.p.ProjectConfigurationManager - Collecting project info '/pom.xml' /Users/abinashdas/Desktop/KodeWala java/BulkDataHandleJdbc/pom.xml
2026-03-09 12:38:16,300 [Worker-25: Creating maven-archetype-quickstart] INFO  o.e.m.c.i.l.LifecycleMappingFactory - Using org.eclipse.m2e.jdt.JarLifecycleMapping lifecycle mapping for MavenProject: com.kodewish:BulkDataHandleJdbc:0.0.1-SNAPSHOT @ /Users/abinashdas/Desktop/KodeWala java/BulkDataHandleJdbc/pom.xml.
2026-03-09 12:38:17,122 [Worker-25: Creating maven-archetype-quickstart] INFO  o.e.m.j.i.AbstractJavaProjectConfigurator - Adding source folder /BulkDataHandleJdbc/src/main/java
2026-03-09 12:38:17,123 [Worker-25: Creating maven-archetype-quickstart] INFO  o.e.m.j.i.AbstractJavaProjectConfigurator - Adding resource folder /BulkDataHandleJdbc/src/main/resources
2026-03-09 12:38:17,127 [Worker-25: Creating maven-archetype-quickstart] INFO  o.e.m.j.i.AbstractJavaProjectConfigurator - Adding source folder /BulkDataHandleJdbc/src/test/java
2026-03-09 12:38:17,127 [Worker-25: Creating maven-archetype-quickstart] INFO  o.e.m.j.i.AbstractJavaProjectConfigurator - Adding resource folder /BulkDataHandleJdbc/src/test/resources
2026-03-09 12:38:17,199 [Worker-25: Creating maven-archetype-quickstart] WARN  o.apache.maven.project.MavenProject - Direct modification of compileSourceRoots through clear() is deprecated and will not work in Maven 4.0.0. Please use the add/remove methods instead. If you're using a plugin that causes this warning, please upgrade to the latest version and report an issue if the warning persists. To disable these warnings, set -Dmaven.project.sourceRoots.warningsDisabled=true on the command line, in the .mvn/maven.config file, or in project POM properties.
2026-03-09 12:38:17,201 [Worker-25: Creating maven-archetype-quickstart] WARN  o.apache.maven.project.MavenProject - Direct modification of compileSourceRoots through add() is deprecated and will not work in Maven 4.0.0. Please use the add/remove methods instead. If you're using a plugin that causes this warning, please upgrade to the latest version and report an issue if the warning persists. To disable these warnings, set -Dmaven.project.sourceRoots.warningsDisabled=true on the command line, in the .mvn/maven.config file, or in project POM properties.
2026-03-09 12:38:17,202 [Worker-25: Creating maven-archetype-quickstart] WARN  o.apache.maven.project.MavenProject - Direct modification of testCompileSourceRoots through clear() is deprecated and will not work in Maven 4.0.0. Please use the add/remove methods instead. If you're using a plugin that causes this warning, please upgrade to the latest version and report an issue if the warning persists. To disable these warnings, set -Dmaven.project.sourceRoots.warningsDisabled=true on the command line, in the .mvn/maven.config file, or in project POM properties.
2026-03-09 12:38:17,203 [Worker-25: Creating maven-archetype-quickstart] WARN  o.apache.maven.project.MavenProject - Direct modification of testCompileSourceRoots through add() is deprecated and will not work in Maven 4.0.0. Please use the add/remove methods instead. If you're using a plugin that causes this warning, please upgrade to the latest version and report an issue if the warning persists. To disable these warnings, set -Dmaven.project.sourceRoots.warningsDisabled=true on the command line, in the .mvn/maven.config file, or in project POM properties.
2026-03-09 12:38:17,214 [Worker-25: Creating maven-archetype-quickstart] INFO  o.e.m.c.i.p.ProjectConfigurationManager - Imported and configured 1 project(s) in 1 sec
2026-03-09 12:38:17,948 [Worker-28: Building] INFO  o.a.m.s.f.DefaultMavenResourcesFiltering - skip non existing resourceDirectory /Users/abinashdas/Desktop/KodeWala java/BulkDataHandleJdbc/src/main/resources
2026-03-09 12:38:17,955 [Worker-28: Building] INFO  o.a.m.s.f.DefaultMavenResourcesFiltering - skip non existing resourceDirectory /Users/abinashdas/Desktop/KodeWala java/BulkDataHandleJdbc/src/test/resources
2026-03-09 12:38:17,996 [Worker-28: Building] WARN  o.apache.maven.project.MavenProject - Direct modification of compileSourceRoots through clear() is deprecated and will not work in Maven 4.0.0. Please use the add/remove methods instead. If you're using a plugin that causes this warning, please upgrade to the latest version and report an issue if the warning persists. To disable these warnings, set -Dmaven.project.sourceRoots.warningsDisabled=true on the command line, in the .mvn/maven.config file, or in project POM properties.
2026-03-09 12:38:17,997 [Worker-28: Building] WARN  o.apache.maven.project.MavenProject - Direct modification of compileSourceRoots through add() is deprecated and will not work in Maven 4.0.0. Please use the add/remove methods instead. If you're using a plugin that causes this warning, please upgrade to the latest version and report an issue if the warning persists. To disable these warnings, set -Dmaven.project.sourceRoots.warningsDisabled=true on the command line, in the .mvn/maven.config file, or in project POM properties.
2026-03-09 12:38:17,998 [Worker-28: Building] WARN  o.apache.maven.project.MavenProject - Direct modification of testCompileSourceRoots through clear() is deprecated and will not work in Maven 4.0.0. Please use the add/remove methods instead. If you're using a plugin that causes this warning, please upgrade to the latest version and report an issue if the warning persists. To disable these warnings, set -Dmaven.project.sourceRoots.warningsDisabled=true on the command line, in the .mvn/maven.config file, or in project POM properties.
2026-03-09 12:38:17,999 [Worker-28: Building] WARN  o.apache.maven.project.MavenProject - Direct modification of testCompileSourceRoots through add() is deprecated and will not work in Maven 4.0.0. Please use the add/remove methods instead. If you're using a plugin that causes this warning, please upgrade to the latest version and report an issue if the warning persists. To disable these warnings, set -Dmaven.project.sourceRoots.warningsDisabled=true on the command line, in the .mvn/maven.config file, or in project POM properties.
2026-03-09 12:44:23,972 [Worker-21: Building] INFO  o.e.m.c.i.l.LifecycleMappingFactory - Using org.eclipse.m2e.jdt.JarLifecycleMapping lifecycle mapping for MavenProject: com.kodewish:BulkDataHandleJdbc:0.0.1-SNAPSHOT @ /Users/abinashdas/Desktop/KodeWala java/BulkDataHandleJdbc/pom.xml.
2026-03-09 12:44:24,268 [Worker-21: Building] INFO  o.a.m.s.f.DefaultMavenResourcesFiltering - skip non existing resourceDirectory /Users/abinashdas/Desktop/KodeWala java/BulkDataHandleJdbc/src/main/resources
2026-03-09 12:44:24,274 [Worker-21: Building] INFO  o.a.m.s.f.DefaultMavenResourcesFiltering - skip non existing resourceDirectory /Users/abinashdas/Desktop/KodeWala java/BulkDataHandleJdbc/src/test/resources
2026-03-09 12:44:24,284 [Worker-21: Building] WARN  o.apache.maven.project.MavenProject - Direct modification of compileSourceRoots through clear() is deprecated and will not work in Maven 4.0.0. Please use the add/remove methods instead. If you're using a plugin that causes this warning, please upgrade to the latest version and report an issue if the warning persists. To disable these warnings, set -Dmaven.project.sourceRoots.warningsDisabled=true on the command line, in the .mvn/maven.config file, or in project POM properties.
2026-03-09 12:44:24,287 [Worker-21: Building] WARN  o.apache.maven.project.MavenProject - Direct modification of compileSourceRoots through add() is deprecated and will not work in Maven 4.0.0. Please use the add/remove methods instead. If you're using a plugin that causes this warning, please upgrade to the latest version and report an issue if the warning persists. To disable these warnings, set -Dmaven.project.sourceRoots.warningsDisabled=true on the command line, in the .mvn/maven.config file, or in project POM properties.
2026-03-09 12:44:24,288 [Worker-21: Building] WARN  o.apache.maven.project.MavenProject - Direct modification of testCompileSourceRoots through clear() is deprecated and will not work in Maven 4.0.0. Please use the add/remove methods instead. If you're using a plugin that causes this warning, please upgrade to the latest version and report an issue if the warning persists. To disable these warnings, set -Dmaven.project.sourceRoots.warningsDisabled=true on the command line, in the .mvn/maven.config file, or in project POM properties.
2026-03-09 12:44:24,290 [Worker-21: Building] WARN  o.apache.maven.project.MavenProject - Direct modification of testCompileSourceRoots through add() is deprecated and will not work in Maven 4.0.0. Please use the add/remove methods instead. If you're using a plugin that causes this warning, please upgrade to the latest version and report an issue if the warning persists. To disable these warnings, set -Dmaven.project.sourceRoots.warningsDisabled=true on the command line, in the .mvn/maven.config file, or in project POM properties.
2026-03-09 12:44:25,368 [Worker-34: Building] INFO  o.a.m.s.f.DefaultMavenResourcesFiltering - skip non existing resourceDirectory /Users/abinashdas/Desktop/KodeWala java/BulkDataHandleJdbc/src/main/resources
2026-03-09 12:44:25,371 [Worker-34: Building] INFO  o.a.m.s.f.DefaultMavenResourcesFiltering - skip non existing resourceDirectory /Users/abinashdas/Desktop/KodeWala java/BulkDataHandleJdbc/src/test/resources
2026-03-09 12:44:25,378 [Worker-34: Building] WARN  o.apache.maven.project.MavenProject - Direct modification of compileSourceRoots through clear() is deprecated and will not work in Maven 4.0.0. Please use the add/remove methods instead. If you're using a plugin that causes this warning, please upgrade to the latest version and report an issue if the warning persists. To disable these warnings, set -Dmaven.project.sourceRoots.warningsDisabled=true on the command line, in the .mvn/maven.config file, or in project POM properties.
2026-03-09 12:44:25,379 [Worker-34: Building] WARN  o.apache.maven.project.MavenProject - Direct modification of compileSourceRoots through add() is deprecated and will not work in Maven 4.0.0. Please use the add/remove methods instead. If you're using a plugin that causes this warning, please upgrade to the latest version and report an issue if the warning persists. To disable these warnings, set -Dmaven.project.sourceRoots.warningsDisabled=true on the command line, in the .mvn/maven.config file, or in project POM properties.
2026-03-09 12:44:25,380 [Worker-34: Building] WARN  o.apache.maven.project.MavenProject - Direct modification of testCompileSourceRoots through clear() is deprecated and will not work in Maven 4.0.0. Please use the add/remove methods instead. If you're using a plugin that causes this warning, please upgrade to the latest version and report an issue if the warning persists. To disable these warnings, set -Dmaven.project.sourceRoots.warningsDisabled=true on the command line, in the .mvn/maven.config file, or in project POM properties.
2026-03-09 12:44:25,381 [Worker-34: Building] WARN  o.apache.maven.project.MavenProject - Direct modification of testCompileSourceRoots through add() is deprecated and will not work in Maven 4.0.0. Please use the add/remove methods instead. If you're using a plugin that causes this warning, please upgrade to the latest version and report an issue if the warning persists. To disable these warnings, set -Dmaven.project.sourceRoots.warningsDisabled=true on the command line, in the .mvn/maven.config file, or in project POM properties.
2026-03-09 12:46:13,317 [Worker-33: Building] INFO  o.a.m.s.f.DefaultMavenResourcesFiltering - skip non existing resourceDirectory /Users/abinashdas/Desktop/KodeWala java/BulkDataHandleJdbc/src/main/resources
2026-03-09 12:46:13,324 [Worker-33: Building] INFO  o.a.m.s.f.DefaultMavenResourcesFiltering - skip non existing resourceDirectory /Users/abinashdas/Desktop/KodeWala java/BulkDataHandleJdbc/src/test/resources
2026-03-09 12:46:13,339 [Worker-33: Building] WARN  o.apache.maven.project.MavenProject - Direct modification of compileSourceRoots through clear() is deprecated and will not work in Maven 4.0.0. Please use the add/remove methods instead. If you're using a plugin that causes this warning, please upgrade to the latest version and report an issue if the warning persists. To disable these warnings, set -Dmaven.project.sourceRoots.warningsDisabled=true on the command line, in the .mvn/maven.config file, or in project POM properties.
2026-03-09 12:46:13,340 [Worker-33: Building] WARN  o.apache.maven.project.MavenProject - Direct modification of compileSourceRoots through add() is deprecated and will not work in Maven 4.0.0. Please use the add/remove methods instead. If you're using a plugin that causes this warning, please upgrade to the latest version and report an issue if the warning persists. To disable these warnings, set -Dmaven.project.sourceRoots.warningsDisabled=true on the command line, in the .mvn/maven.config file, or in project POM properties.
2026-03-09 12:46:13,342 [Worker-33: Building] WARN  o.apache.maven.project.MavenProject - Direct modification of testCompileSourceRoots through clear() is deprecated and will not work in Maven 4.0.0. Please use the add/remove methods instead. If you're using a plugin that causes this warning, please upgrade to the latest version and report an issue if the warning persists. To disable these warnings, set -Dmaven.project.sourceRoots.warningsDisabled=true on the command line, in the .mvn/maven.config file, or in project POM properties.
2026-03-09 12:46:13,342 [Worker-33: Building] WARN  o.apache.maven.project.MavenProject - Direct modification of testCompileSourceRoots through add() is deprecated and will not work in Maven 4.0.0. Please use the add/remove methods instead. If you're using a plugin that causes this warning, please upgrade to the latest version and report an issue if the warning persists. To disable these warnings, set -Dmaven.project.sourceRoots.warningsDisabled=true on the command line, in the .mvn/maven.config file, or in project POM properties.
2026-03-09 12:46:24,143 [Worker-35: Building] INFO  o.a.m.s.f.DefaultMavenResourcesFiltering - skip non existing resourceDirectory /Users/abinashdas/Desktop/KodeWala java/BulkDataHandleJdbc/src/main/resources
2026-03-09 12:46:24,146 [Worker-35: Building] INFO  o.a.m.s.f.DefaultMavenResourcesFiltering - skip non existing resourceDirectory /Users/abinashdas/Desktop/KodeWala java/BulkDataHandleJdbc/src/test/resources
2026-03-09 12:46:24,146 [Worker-35: Building] WARN  o.apache.maven.project.MavenProject - Direct modification of compileSourceRoots through clear() is deprecated and will not work in Maven 4.0.0. Please use the add/remove methods instead. If you're using a plugin that causes this warning, please upgrade to the latest version and report an issue if the warning persists. To disable these warnings, set -Dmaven.project.sourceRoots.warningsDisabled=true on the command line, in the .mvn/maven.config file, or in project POM properties.
2026-03-09 12:46:24,147 [Worker-35: Building] WARN  o.apache.maven.project.MavenProject - Direct modification of compileSourceRoots through add() is deprecated and will not work in Maven 4.0.0. Please use the add/remove methods instead. If you're using a plugin that causes this warning, please upgrade to the latest version and report an issue if the warning persists. To disable these warnings, set -Dmaven.project.sourceRoots.warningsDisabled=true on the command line, in the .mvn/maven.config file, or in project POM properties.
2026-03-09 12:46:24,148 [Worker-35: Building] WARN  o.apache.maven.project.MavenProject - Direct modification of testCompileSourceRoots through clear() is deprecated and will not work in Maven 4.0.0. Please use the add/remove methods instead. If you're using a plugin that causes this warning, please upgrade to the latest version and report an issue if the warning persists. To disable these warnings, set -Dmaven.project.sourceRoots.warningsDisabled=true on the command line, in the .mvn/maven.config file, or in project POM properties.
2026-03-09 12:46:24,148 [Worker-35: Building] WARN  o.apache.maven.project.MavenProject - Direct modification of testCompileSourceRoots through add() is deprecated and will not work in Maven 4.0.0. Please use the add/remove methods instead. If you're using a plugin that causes this warning, please upgrade to the latest version and report an issue if the warning persists. To disable these warnings, set -Dmaven.project.sourceRoots.warningsDisabled=true on the command line, in the .mvn/maven.config file, or in project POM properties.
2026-03-09 12:47:31,500 [Worker-35: Building] INFO  o.a.m.s.f.DefaultMavenResourcesFiltering - skip non existing resourceDirectory /Users/abinashdas/Desktop/KodeWala java/BulkDataHandleJdbc/src/main/resources
2026-03-09 12:47:31,505 [Worker-35: Building] INFO  o.a.m.s.f.DefaultMavenResourcesFiltering - skip non existing resourceDirectory /Users/abinashdas/Desktop/KodeWala java/BulkDataHandleJdbc/src/test/resources
2026-03-09 12:47:31,506 [Worker-35: Building] WARN  o.apache.maven.project.MavenProject - Direct modification of compileSourceRoots through clear() is deprecated and will not work in Maven 4.0.0. Please use the add/remove methods instead. If you're using a plugin that causes this warning, please upgrade to the latest version and report an issue if the warning persists. To disable these warnings, set -Dmaven.project.sourceRoots.warningsDisabled=true on the command line, in the .mvn/maven.config file, or in project POM properties.
2026-03-09 12:47:31,506 [Worker-35: Building] WARN  o.apache.maven.project.MavenProject - Direct modification of compileSourceRoots through add() is deprecated and will not work in Maven 4.0.0. Please use the add/remove methods instead. If you're using a plugin that causes this warning, please upgrade to the latest version and report an issue if the warning persists. To disable these warnings, set -Dmaven.project.sourceRoots.warningsDisabled=true on the command line, in the .mvn/maven.config file, or in project POM properties.
2026-03-09 12:47:31,508 [Worker-35: Building] WARN  o.apache.maven.project.MavenProject - Direct modification of testCompileSourceRoots through clear() is deprecated and will not work in Maven 4.0.0. Please use the add/remove methods instead. If you're using a plugin that causes this warning, please upgrade to the latest version and report an issue if the warning persists. To disable these warnings, set -Dmaven.project.sourceRoots.warningsDisabled=true on the command line, in the .mvn/maven.config file, or in project POM properties.
2026-03-09 12:47:31,508 [Worker-35: Building] WARN  o.apache.maven.project.MavenProject - Direct modification of testCompileSourceRoots through add() is deprecated and will not work in Maven 4.0.0. Please use the add/remove methods instead. If you're using a plugin that causes this warning, please upgrade to the latest version and report an issue if the warning persists. To disable these warnings, set -Dmaven.project.sourceRoots.warningsDisabled=true on the command line, in the .mvn/maven.config file, or in project POM properties.
2026-03-09 12:50:16,666 [Worker-27: Building] INFO  o.a.m.s.f.DefaultMavenResourcesFiltering - skip non existing resourceDirectory /Users/abinashdas/Desktop/KodeWala java/BulkDataHandleJdbc/src/main/resources
2026-03-09 12:50:16,671 [Worker-27: Building] INFO  o.a.m.s.f.DefaultMavenResourcesFiltering - skip non existing resourceDirectory /Users/abinashdas/Desktop/KodeWala java/BulkDataHandleJdbc/src/test/resources
2026-03-09 12:50:16,671 [Worker-27: Building] WARN  o.apache.maven.project.MavenProject - Direct modification of compileSourceRoots through clear() is deprecated and will not work in Maven 4.0.0. Please use the add/remove methods instead. If you're using a plugin that causes this warning, please upgrade to the latest version and report an issue if the warning persists. To disable these warnings, set -Dmaven.project.sourceRoots.warningsDisabled=true on the command line, in the .mvn/maven.config file, or in project POM properties.
2026-03-09 12:50:16,672 [Worker-27: Building] WARN  o.apache.maven.project.MavenProject - Direct modification of compileSourceRoots through add() is deprecated and will not work in Maven 4.0.0. Please use the add/remove methods instead. If you're using a plugin that causes this warning, please upgrade to the latest version and report an issue if the warning persists. To disable these warnings, set -Dmaven.project.sourceRoots.warningsDisabled=true on the command line, in the .mvn/maven.config file, or in project POM properties.
2026-03-09 12:50:16,673 [Worker-27: Building] WARN  o.apache.maven.project.MavenProject - Direct modification of testCompileSourceRoots through clear() is deprecated and will not work in Maven 4.0.0. Please use the add/remove methods instead. If you're using a plugin that causes this warning, please upgrade to the latest version and report an issue if the warning persists. To disable these warnings, set -Dmaven.project.sourceRoots.warningsDisabled=true on the command line, in the .mvn/maven.config file, or in project POM properties.
2026-03-09 12:50:16,674 [Worker-27: Building] WARN  o.apache.maven.project.MavenProject - Direct modification of testCompileSourceRoots through add() is deprecated and will not work in Maven 4.0.0. Please use the add/remove methods instead. If you're using a plugin that causes this warning, please upgrade to the latest version and report an issue if the warning persists. To disable these warnings, set -Dmaven.project.sourceRoots.warningsDisabled=true on the command line, in the .mvn/maven.config file, or in project POM properties.
2026-03-09 12:50:29,690 [Worker-27: Building] INFO  o.a.m.s.f.DefaultMavenResourcesFiltering - skip non existing resourceDirectory /Users/abinashdas/Desktop/KodeWala java/BulkDataHandleJdbc/src/main/resources
2026-03-09 12:50:29,695 [Worker-27: Building] INFO  o.a.m.s.f.DefaultMavenResourcesFiltering - skip non existing resourceDirectory /Users/abinashdas/Desktop/KodeWala java/BulkDataHandleJdbc/src/test/resources
2026-03-09 12:50:29,695 [Worker-27: Building] WARN  o.apache.maven.project.MavenProject - Direct modification of compileSourceRoots through clear() is deprecated and will not work in Maven 4.0.0. Please use the add/remove methods instead. If you're using a plugin that causes this warning, please upgrade to the latest version and report an issue if the warning persists. To disable these warnings, set -Dmaven.project.sourceRoots.warningsDisabled=true on the command line, in the .mvn/maven.config file, or in project POM properties.
2026-03-09 12:50:29,696 [Worker-27: Building] WARN  o.apache.maven.project.MavenProject - Direct modification of compileSourceRoots through add() is deprecated and will not work in Maven 4.0.0. Please use the add/remove methods instead. If you're using a plugin that causes this warning, please upgrade to the latest version and report an issue if the warning persists. To disable these warnings, set -Dmaven.project.sourceRoots.warningsDisabled=true on the command line, in the .mvn/maven.config file, or in project POM properties.
2026-03-09 12:50:29,696 [Worker-27: Building] WARN  o.apache.maven.project.MavenProject - Direct modification of testCompileSourceRoots through clear() is deprecated and will not work in Maven 4.0.0. Please use the add/remove methods instead. If you're using a plugin that causes this warning, please upgrade to the latest version and report an issue if the warning persists. To disable these warnings, set -Dmaven.project.sourceRoots.warningsDisabled=true on the command line, in the .mvn/maven.config file, or in project POM properties.
2026-03-09 12:50:29,697 [Worker-27: Building] WARN  o.apache.maven.project.MavenProject - Direct modification of testCompileSourceRoots through add() is deprecated and will not work in Maven 4.0.0. Please use the add/remove methods instead. If you're using a plugin that causes this warning, please upgrade to the latest version and report an issue if the warning persists. To disable these warnings, set -Dmaven.project.sourceRoots.warningsDisabled=true on the command line, in the .mvn/maven.config file, or in project POM properties.
2026-03-09 12:50:38,254 [Worker-36: Building] INFO  o.a.m.s.f.DefaultMavenResourcesFiltering - skip non existing resourceDirectory /Users/abinashdas/Desktop/KodeWala java/BulkDataHandleJdbc/src/main/resources
2026-03-09 12:50:38,256 [Worker-36: Building] INFO  o.a.m.s.f.DefaultMavenResourcesFiltering - skip non existing resourceDirectory /Users/abinashdas/Desktop/KodeWala java/BulkDataHandleJdbc/src/test/resources
2026-03-09 12:50:38,256 [Worker-36: Building] WARN  o.apache.maven.project.MavenProject - Direct modification of compileSourceRoots through clear() is deprecated and will not work in Maven 4.0.0. Please use the add/remove methods instead. If you're using a plugin that causes this warning, please upgrade to the latest version and report an issue if the warning persists. To disable these warnings, set -Dmaven.project.sourceRoots.warningsDisabled=true on the command line, in the .mvn/maven.config file, or in project POM properties.
2026-03-09 12:50:38,257 [Worker-36: Building] WARN  o.apache.maven.project.MavenProject - Direct modification of compileSourceRoots through add() is deprecated and will not work in Maven 4.0.0. Please use the add/remove methods instead. If you're using a plugin that causes this warning, please upgrade to the latest version and report an issue if the warning persists. To disable these warnings, set -Dmaven.project.sourceRoots.warningsDisabled=true on the command line, in the .mvn/maven.config file, or in project POM properties.
2026-03-09 12:50:38,258 [Worker-36: Building] WARN  o.apache.maven.project.MavenProject - Direct modification of testCompileSourceRoots through clear() is deprecated and will not work in Maven 4.0.0. Please use the add/remove methods instead. If you're using a plugin that causes this warning, please upgrade to the latest version and report an issue if the warning persists. To disable these warnings, set -Dmaven.project.sourceRoots.warningsDisabled=true on the command line, in the .mvn/maven.config file, or in project POM properties.
2026-03-09 12:50:38,259 [Worker-36: Building] WARN  o.apache.maven.project.MavenProject - Direct modification of testCompileSourceRoots through add() is deprecated and will not work in Maven 4.0.0. Please use the add/remove methods instead. If you're using a plugin that causes this warning, please upgrade to the latest version and report an issue if the warning persists. To disable these warnings, set -Dmaven.project.sourceRoots.warningsDisabled=true on the command line, in the .mvn/maven.config file, or in project POM properties.
2026-03-09 12:51:14,758 [Worker-35: Building] INFO  o.a.m.s.f.DefaultMavenResourcesFiltering - skip non existing resourceDirectory /Users/abinashdas/Desktop/KodeWala java/BulkDataHandleJdbc/src/main/resources
2026-03-09 12:51:14,763 [Worker-35: Building] INFO  o.a.m.s.f.DefaultMavenResourcesFiltering - skip non existing resourceDirectory /Users/abinashdas/Desktop/KodeWala java/BulkDataHandleJdbc/src/test/resources
2026-03-09 12:51:14,764 [Worker-35: Building] WARN  o.apache.maven.project.MavenProject - Direct modification of compileSourceRoots through clear() is deprecated and will not work in Maven 4.0.0. Please use the add/remove methods instead. If you're using a plugin that causes this warning, please upgrade to the latest version and report an issue if the warning persists. To disable these warnings, set -Dmaven.project.sourceRoots.warningsDisabled=true on the command line, in the .mvn/maven.config file, or in project POM properties.
2026-03-09 12:51:14,765 [Worker-35: Building] WARN  o.apache.maven.project.MavenProject - Direct modification of compileSourceRoots through add() is deprecated and will not work in Maven 4.0.0. Please use the add/remove methods instead. If you're using a plugin that causes this warning, please upgrade to the latest version and report an issue if the warning persists. To disable these warnings, set -Dmaven.project.sourceRoots.warningsDisabled=true on the command line, in the .mvn/maven.config file, or in project POM properties.
2026-03-09 12:51:14,766 [Worker-35: Building] WARN  o.apache.maven.project.MavenProject - Direct modification of testCompileSourceRoots through clear() is deprecated and will not work in Maven 4.0.0. Please use the add/remove methods instead. If you're using a plugin that causes this warning, please upgrade to the latest version and report an issue if the warning persists. To disable these warnings, set -Dmaven.project.sourceRoots.warningsDisabled=true on the command line, in the .mvn/maven.config file, or in project POM properties.
2026-03-09 12:51:14,767 [Worker-35: Building] WARN  o.apache.maven.project.MavenProject - Direct modification of testCompileSourceRoots through add() is deprecated and will not work in Maven 4.0.0. Please use the add/remove methods instead. If you're using a plugin that causes this warning, please upgrade to the latest version and report an issue if the warning persists. To disable these warnings, set -Dmaven.project.sourceRoots.warningsDisabled=true on the command line, in the .mvn/maven.config file, or in project POM properties.
2026-03-09 12:53:03,615 [Worker-31: Building] INFO  o.a.m.s.f.DefaultMavenResourcesFiltering - skip non existing resourceDirectory /Users/abinashdas/Desktop/KodeWala java/BulkDataHandleJdbc/src/main/resources
2026-03-09 12:53:03,617 [Worker-31: Building] INFO  o.a.m.s.f.DefaultMavenResourcesFiltering - skip non existing resourceDirectory /Users/abinashdas/Desktop/KodeWala java/BulkDataHandleJdbc/src/test/resources
2026-03-09 12:53:03,618 [Worker-31: Building] WARN  o.apache.maven.project.MavenProject - Direct modification of compileSourceRoots through clear() is deprecated and will not work in Maven 4.0.0. Please use the add/remove methods instead. If you're using a plugin that causes this warning, please upgrade to the latest version and report an issue if the warning persists. To disable these warnings, set -Dmaven.project.sourceRoots.warningsDisabled=true on the command line, in the .mvn/maven.config file, or in project POM properties.
2026-03-09 12:53:03,618 [Worker-31: Building] WARN  o.apache.maven.project.MavenProject - Direct modification of compileSourceRoots through add() is deprecated and will not work in Maven 4.0.0. Please use the add/remove methods instead. If you're using a plugin that causes this warning, please upgrade to the latest version and report an issue if the warning persists. To disable these warnings, set -Dmaven.project.sourceRoots.warningsDisabled=true on the command line, in the .mvn/maven.config file, or in project POM properties.
2026-03-09 12:53:03,619 [Worker-31: Building] WARN  o.apache.maven.project.MavenProject - Direct modification of testCompileSourceRoots through clear() is deprecated and will not work in Maven 4.0.0. Please use the add/remove methods instead. If you're using a plugin that causes this warning, please upgrade to the latest version and report an issue if the warning persists. To disable these warnings, set -Dmaven.project.sourceRoots.warningsDisabled=true on the command line, in the .mvn/maven.config file, or in project POM properties.
2026-03-09 12:53:03,620 [Worker-31: Building] WARN  o.apache.maven.project.MavenProject - Direct modification of testCompileSourceRoots through add() is deprecated and will not work in Maven 4.0.0. Please use the add/remove methods instead. If you're using a plugin that causes this warning, please upgrade to the latest version and report an issue if the warning persists. To disable these warnings, set -Dmaven.project.sourceRoots.warningsDisabled=true on the command line, in the .mvn/maven.config file, or in project POM properties.
2026-03-09 12:53:19,293 [Worker-27: Building] INFO  o.a.m.s.f.DefaultMavenResourcesFiltering - skip non existing resourceDirectory /Users/abinashdas/Desktop/KodeWala java/BulkDataHandleJdbc/src/main/resources
2026-03-09 12:53:19,295 [Worker-27: Building] INFO  o.a.m.s.f.DefaultMavenResourcesFiltering - skip non existing resourceDirectory /Users/abinashdas/Desktop/KodeWala java/BulkDataHandleJdbc/src/test/resources
2026-03-09 12:53:19,296 [Worker-27: Building] WARN  o.apache.maven.project.MavenProject - Direct modification of compileSourceRoots through clear() is deprecated and will not work in Maven 4.0.0. Please use the add/remove methods instead. If you're using a plugin that causes this warning, please upgrade to the latest version and report an issue if the warning persists. To disable these warnings, set -Dmaven.project.sourceRoots.warningsDisabled=true on the command line, in the .mvn/maven.config file, or in project POM properties.
2026-03-09 12:53:19,298 [Worker-27: Building] WARN  o.apache.maven.project.MavenProject - Direct modification of compileSourceRoots through add() is deprecated and will not work in Maven 4.0.0. Please use the add/remove methods instead. If you're using a plugin that causes this warning, please upgrade to the latest version and report an issue if the warning persists. To disable these warnings, set -Dmaven.project.sourceRoots.warningsDisabled=true on the command line, in the .mvn/maven.config file, or in project POM properties.
2026-03-09 12:53:19,299 [Worker-27: Building] WARN  o.apache.maven.project.MavenProject - Direct modification of testCompileSourceRoots through clear() is deprecated and will not work in Maven 4.0.0. Please use the add/remove methods instead. If you're using a plugin that causes this warning, please upgrade to the latest version and report an issue if the warning persists. To disable these warnings, set -Dmaven.project.sourceRoots.warningsDisabled=true on the command line, in the .mvn/maven.config file, or in project POM properties.
2026-03-09 12:53:19,301 [Worker-27: Building] WARN  o.apache.maven.project.MavenProject - Direct modification of testCompileSourceRoots through add() is deprecated and will not work in Maven 4.0.0. Please use the add/remove methods instead. If you're using a plugin that causes this warning, please upgrade to the latest version and report an issue if the warning persists. To disable these warnings, set -Dmaven.project.sourceRoots.warningsDisabled=true on the command line, in the .mvn/maven.config file, or in project POM properties.
2026-03-09 12:53:23,635 [Worker-31: Building] INFO  o.a.m.s.f.DefaultMavenResourcesFiltering - skip non existing resourceDirectory /Users/abinashdas/Desktop/KodeWala java/BulkDataHandleJdbc/src/main/resources
2026-03-09 12:53:23,637 [Worker-31: Building] INFO  o.a.m.s.f.DefaultMavenResourcesFiltering - skip non existing resourceDirectory /Users/abinashdas/Desktop/KodeWala java/BulkDataHandleJdbc/src/test/resources
2026-03-09 12:53:23,637 [Worker-31: Building] WARN  o.apache.maven.project.MavenProject - Direct modification of compileSourceRoots through clear() is deprecated and will not work in Maven 4.0.0. Please use the add/remove methods instead. If you're using a plugin that causes this warning, please upgrade to the latest version and report an issue if the warning persists. To disable these warnings, set -Dmaven.project.sourceRoots.warningsDisabled=true on the command line, in the .mvn/maven.config file, or in project POM properties.
2026-03-09 12:53:23,638 [Worker-31: Building] WARN  o.apache.maven.project.MavenProject - Direct modification of compileSourceRoots through add() is deprecated and will not work in Maven 4.0.0. Please use the add/remove methods instead. If you're using a plugin that causes this warning, please upgrade to the latest version and report an issue if the warning persists. To disable these warnings, set -Dmaven.project.sourceRoots.warningsDisabled=true on the command line, in the .mvn/maven.config file, or in project POM properties.
2026-03-09 12:53:23,639 [Worker-31: Building] WARN  o.apache.maven.project.MavenProject - Direct modification of testCompileSourceRoots through clear() is deprecated and will not work in Maven 4.0.0. Please use the add/remove methods instead. If you're using a plugin that causes this warning, please upgrade to the latest version and report an issue if the warning persists. To disable these warnings, set -Dmaven.project.sourceRoots.warningsDisabled=true on the command line, in the .mvn/maven.config file, or in project POM properties.
2026-03-09 12:53:23,639 [Worker-31: Building] WARN  o.apache.maven.project.MavenProject - Direct modification of testCompileSourceRoots through add() is deprecated and will not work in Maven 4.0.0. Please use the add/remove methods instead. If you're using a plugin that causes this warning, please upgrade to the latest version and report an issue if the warning persists. To disable these warnings, set -Dmaven.project.sourceRoots.warningsDisabled=true on the command line, in the .mvn/maven.config file, or in project POM properties.
2026-03-09 12:55:28,019 [Worker-21: Building] INFO  o.a.m.s.f.DefaultMavenResourcesFiltering - skip non existing resourceDirectory /Users/abinashdas/Desktop/KodeWala java/BulkDataHandleJdbc/src/main/resources
2026-03-09 12:55:28,022 [Worker-21: Building] INFO  o.a.m.s.f.DefaultMavenResourcesFiltering - skip non existing resourceDirectory /Users/abinashdas/Desktop/KodeWala java/BulkDataHandleJdbc/src/test/resources
2026-03-09 12:55:28,023 [Worker-21: Building] WARN  o.apache.maven.project.MavenProject - Direct modification of compileSourceRoots through clear() is deprecated and will not work in Maven 4.0.0. Please use the add/remove methods instead. If you're using a plugin that causes this warning, please upgrade to the latest version and report an issue if the warning persists. To disable these warnings, set -Dmaven.project.sourceRoots.warningsDisabled=true on the command line, in the .mvn/maven.config file, or in project POM properties.
2026-03-09 12:55:28,026 [Worker-21: Building] WARN  o.apache.maven.project.MavenProject - Direct modification of compileSourceRoots through add() is deprecated and will not work in Maven 4.0.0. Please use the add/remove methods instead. If you're using a plugin that causes this warning, please upgrade to the latest version and report an issue if the warning persists. To disable these warnings, set -Dmaven.project.sourceRoots.warningsDisabled=true on the command line, in the .mvn/maven.config file, or in project POM properties.
2026-03-09 12:55:28,027 [Worker-21: Building] WARN  o.apache.maven.project.MavenProject - Direct modification of testCompileSourceRoots through clear() is deprecated and will not work in Maven 4.0.0. Please use the add/remove methods instead. If you're using a plugin that causes this warning, please upgrade to the latest version and report an issue if the warning persists. To disable these warnings, set -Dmaven.project.sourceRoots.warningsDisabled=true on the command line, in the .mvn/maven.config file, or in project POM properties.
2026-03-09 12:55:28,028 [Worker-21: Building] WARN  o.apache.maven.project.MavenProject - Direct modification of testCompileSourceRoots through add() is deprecated and will not work in Maven 4.0.0. Please use the add/remove methods instead. If you're using a plugin that causes this warning, please upgrade to the latest version and report an issue if the warning persists. To disable these warnings, set -Dmaven.project.sourceRoots.warningsDisabled=true on the command line, in the .mvn/maven.config file, or in project POM properties.
2026-03-09 12:55:38,012 [Worker-33: Building] INFO  o.a.m.s.f.DefaultMavenResourcesFiltering - skip non existing resourceDirectory /Users/abinashdas/Desktop/KodeWala java/BulkDataHandleJdbc/src/main/resources
2026-03-09 12:55:38,014 [Worker-33: Building] INFO  o.a.m.s.f.DefaultMavenResourcesFiltering - skip non existing resourceDirectory /Users/abinashdas/Desktop/KodeWala java/BulkDataHandleJdbc/src/test/resources
2026-03-09 12:55:38,015 [Worker-33: Building] WARN  o.apache.maven.project.MavenProject - Direct modification of compileSourceRoots through clear() is deprecated and will not work in Maven 4.0.0. Please use the add/remove methods instead. If you're using a plugin that causes this warning, please upgrade to the latest version and report an issue if the warning persists. To disable these warnings, set -Dmaven.project.sourceRoots.warningsDisabled=true on the command line, in the .mvn/maven.config file, or in project POM properties.
2026-03-09 12:55:38,016 [Worker-33: Building] WARN  o.apache.maven.project.MavenProject - Direct modification of compileSourceRoots through add() is deprecated and will not work in Maven 4.0.0. Please use the add/remove methods instead. If you're using a plugin that causes this warning, please upgrade to the latest version and report an issue if the warning persists. To disable these warnings, set -Dmaven.project.sourceRoots.warningsDisabled=true on the command line, in the .mvn/maven.config file, or in project POM properties.
2026-03-09 12:55:38,017 [Worker-33: Building] WARN  o.apache.maven.project.MavenProject - Direct modification of testCompileSourceRoots through clear() is deprecated and will not work in Maven 4.0.0. Please use the add/remove methods instead. If you're using a plugin that causes this warning, please upgrade to the latest version and report an issue if the warning persists. To disable these warnings, set -Dmaven.project.sourceRoots.warningsDisabled=true on the command line, in the .mvn/maven.config file, or in project POM properties.
2026-03-09 12:55:38,017 [Worker-33: Building] WARN  o.apache.maven.project.MavenProject - Direct modification of testCompileSourceRoots through add() is deprecated and will not work in Maven 4.0.0. Please use the add/remove methods instead. If you're using a plugin that causes this warning, please upgrade to the latest version and report an issue if the warning persists. To disable these warnings, set -Dmaven.project.sourceRoots.warningsDisabled=true on the command line, in the .mvn/maven.config file, or in project POM properties.
2026-03-09 12:56:41,732 [Worker-21: Building] INFO  o.a.m.s.f.DefaultMavenResourcesFiltering - skip non existing resourceDirectory /Users/abinashdas/Desktop/KodeWala java/BulkDataHandleJdbc/src/main/resources
2026-03-09 12:56:41,735 [Worker-21: Building] INFO  o.a.m.s.f.DefaultMavenResourcesFiltering - skip non existing resourceDirectory /Users/abinashdas/Desktop/KodeWala java/BulkDataHandleJdbc/src/test/resources
2026-03-09 12:56:41,736 [Worker-21: Building] WARN  o.apache.maven.project.MavenProject - Direct modification of compileSourceRoots through clear() is deprecated and will not work in Maven 4.0.0. Please use the add/remove methods instead. If you're using a plugin that causes this warning, please upgrade to the latest version and report an issue if the warning persists. To disable these warnings, set -Dmaven.project.sourceRoots.warningsDisabled=true on the command line, in the .mvn/maven.config file, or in project POM properties.
2026-03-09 12:56:41,736 [Worker-21: Building] WARN  o.apache.maven.project.MavenProject - Direct modification of compileSourceRoots through add() is deprecated and will not work in Maven 4.0.0. Please use the add/remove methods instead. If you're using a plugin that causes this warning, please upgrade to the latest version and report an issue if the warning persists. To disable these warnings, set -Dmaven.project.sourceRoots.warningsDisabled=true on the command line, in the .mvn/maven.config file, or in project POM properties.
2026-03-09 12:56:41,737 [Worker-21: Building] WARN  o.apache.maven.project.MavenProject - Direct modification of testCompileSourceRoots through clear() is deprecated and will not work in Maven 4.0.0. Please use the add/remove methods instead. If you're using a plugin that causes this warning, please upgrade to the latest version and report an issue if the warning persists. To disable these warnings, set -Dmaven.project.sourceRoots.warningsDisabled=true on the command line, in the .mvn/maven.config file, or in project POM properties.
2026-03-09 12:56:41,738 [Worker-21: Building] WARN  o.apache.maven.project.MavenProject - Direct modification of testCompileSourceRoots through add() is deprecated and will not work in Maven 4.0.0. Please use the add/remove methods instead. If you're using a plugin that causes this warning, please upgrade to the latest version and report an issue if the warning persists. To disable these warnings, set -Dmaven.project.sourceRoots.warningsDisabled=true on the command line, in the .mvn/maven.config file, or in project POM properties.
2026-03-09 12:58:13,108 [Worker-21: Building] INFO  o.a.m.s.f.DefaultMavenResourcesFiltering - skip non existing resourceDirectory /Users/abinashdas/Desktop/KodeWala java/BulkDataHandleJdbc/src/main/resources
2026-03-09 12:58:13,110 [Worker-21: Building] INFO  o.a.m.s.f.DefaultMavenResourcesFiltering - skip non existing resourceDirectory /Users/abinashdas/Desktop/KodeWala java/BulkDataHandleJdbc/src/test/resources
2026-03-09 12:58:13,111 [Worker-21: Building] WARN  o.apache.maven.project.MavenProject - Direct modification of compileSourceRoots through clear() is deprecated and will not work in Maven 4.0.0. Please use the add/remove methods instead. If you're using a plugin that causes this warning, please upgrade to the latest version and report an issue if the warning persists. To disable these warnings, set -Dmaven.project.sourceRoots.warningsDisabled=true on the command line, in the .mvn/maven.config file, or in project POM properties.
2026-03-09 12:58:13,112 [Worker-21: Building] WARN  o.apache.maven.project.MavenProject - Direct modification of compileSourceRoots through add() is deprecated and will not work in Maven 4.0.0. Please use the add/remove methods instead. If you're using a plugin that causes this warning, please upgrade to the latest version and report an issue if the warning persists. To disable these warnings, set -Dmaven.project.sourceRoots.warningsDisabled=true on the command line, in the .mvn/maven.config file, or in project POM properties.
2026-03-09 12:58:13,113 [Worker-21: Building] WARN  o.apache.maven.project.MavenProject - Direct modification of testCompileSourceRoots through clear() is deprecated and will not work in Maven 4.0.0. Please use the add/remove methods instead. If you're using a plugin that causes this warning, please upgrade to the latest version and report an issue if the warning persists. To disable these warnings, set -Dmaven.project.sourceRoots.warningsDisabled=true on the command line, in the .mvn/maven.config file, or in project POM properties.
2026-03-09 12:58:13,114 [Worker-21: Building] WARN  o.apache.maven.project.MavenProject - Direct modification of testCompileSourceRoots through add() is deprecated and will not work in Maven 4.0.0. Please use the add/remove methods instead. If you're using a plugin that causes this warning, please upgrade to the latest version and report an issue if the warning persists. To disable these warnings, set -Dmaven.project.sourceRoots.warningsDisabled=true on the command line, in the .mvn/maven.config file, or in project POM properties.
2026-03-09 13:05:16,287 [Worker-31: Building] INFO  o.a.m.s.f.DefaultMavenResourcesFiltering - skip non existing resourceDirectory /Users/abinashdas/Desktop/KodeWala java/BulkDataHandleJdbc/src/main/resources
2026-03-09 13:05:16,289 [Worker-31: Building] INFO  o.a.m.s.f.DefaultMavenResourcesFiltering - skip non existing resourceDirectory /Users/abinashdas/Desktop/KodeWala java/BulkDataHandleJdbc/src/test/resources
2026-03-09 13:05:16,290 [Worker-31: Building] WARN  o.apache.maven.project.MavenProject - Direct modification of compileSourceRoots through clear() is deprecated and will not work in Maven 4.0.0. Please use the add/remove methods instead. If you're using a plugin that causes this warning, please upgrade to the latest version and report an issue if the warning persists. To disable these warnings, set -Dmaven.project.sourceRoots.warningsDisabled=true on the command line, in the .mvn/maven.config file, or in project POM properties.
2026-03-09 13:05:16,291 [Worker-31: Building] WARN  o.apache.maven.project.MavenProject - Direct modification of compileSourceRoots through add() is deprecated and will not work in Maven 4.0.0. Please use the add/remove methods instead. If you're using a plugin that causes this warning, please upgrade to the latest version and report an issue if the warning persists. To disable these warnings, set -Dmaven.project.sourceRoots.warningsDisabled=true on the command line, in the .mvn/maven.config file, or in project POM properties.
2026-03-09 13:05:16,292 [Worker-31: Building] WARN  o.apache.maven.project.MavenProject - Direct modification of testCompileSourceRoots through clear() is deprecated and will not work in Maven 4.0.0. Please use the add/remove methods instead. If you're using a plugin that causes this warning, please upgrade to the latest version and report an issue if the warning persists. To disable these warnings, set -Dmaven.project.sourceRoots.warningsDisabled=true on the command line, in the .mvn/maven.config file, or in project POM properties.
2026-03-09 13:05:16,292 [Worker-31: Building] WARN  o.apache.maven.project.MavenProject - Direct modification of testCompileSourceRoots through add() is deprecated and will not work in Maven 4.0.0. Please use the add/remove methods instead. If you're using a plugin that causes this warning, please upgrade to the latest version and report an issue if the warning persists. To disable these warnings, set -Dmaven.project.sourceRoots.warningsDisabled=true on the command line, in the .mvn/maven.config file, or in project POM properties.
2026-03-09 13:06:13,068 [Worker-33: Building] INFO  o.a.m.s.f.DefaultMavenResourcesFiltering - skip non existing resourceDirectory /Users/abinashdas/Desktop/KodeWala java/BulkDataHandleJdbc/src/main/resources
2026-03-09 13:06:13,071 [Worker-33: Building] INFO  o.a.m.s.f.DefaultMavenResourcesFiltering - skip non existing resourceDirectory /Users/abinashdas/Desktop/KodeWala java/BulkDataHandleJdbc/src/test/resources
2026-03-09 13:06:13,072 [Worker-33: Building] WARN  o.apache.maven.project.MavenProject - Direct modification of compileSourceRoots through clear() is deprecated and will not work in Maven 4.0.0. Please use the add/remove methods instead. If you're using a plugin that causes this warning, please upgrade to the latest version and report an issue if the warning persists. To disable these warnings, set -Dmaven.project.sourceRoots.warningsDisabled=true on the command line, in the .mvn/maven.config file, or in project POM properties.
2026-03-09 13:06:13,072 [Worker-33: Building] WARN  o.apache.maven.project.MavenProject - Direct modification of compileSourceRoots through add() is deprecated and will not work in Maven 4.0.0. Please use the add/remove methods instead. If you're using a plugin that causes this warning, please upgrade to the latest version and report an issue if the warning persists. To disable these warnings, set -Dmaven.project.sourceRoots.warningsDisabled=true on the command line, in the .mvn/maven.config file, or in project POM properties.
2026-03-09 13:06:13,074 [Worker-33: Building] WARN  o.apache.maven.project.MavenProject - Direct modification of testCompileSourceRoots through clear() is deprecated and will not work in Maven 4.0.0. Please use the add/remove methods instead. If you're using a plugin that causes this warning, please upgrade to the latest version and report an issue if the warning persists. To disable these warnings, set -Dmaven.project.sourceRoots.warningsDisabled=true on the command line, in the .mvn/maven.config file, or in project POM properties.
2026-03-09 13:06:13,075 [Worker-33: Building] WARN  o.apache.maven.project.MavenProject - Direct modification of testCompileSourceRoots through add() is deprecated and will not work in Maven 4.0.0. Please use the add/remove methods instead. If you're using a plugin that causes this warning, please upgrade to the latest version and report an issue if the warning persists. To disable these warnings, set -Dmaven.project.sourceRoots.warningsDisabled=true on the command line, in the .mvn/maven.config file, or in project POM properties.
2026-03-09 13:10:29,916 [Worker-27: Building] INFO  o.a.m.s.f.DefaultMavenResourcesFiltering - skip non existing resourceDirectory /Users/abinashdas/Desktop/KodeWala java/BulkDataHandleJdbc/src/main/resources
2026-03-09 13:10:29,921 [Worker-27: Building] INFO  o.a.m.s.f.DefaultMavenResourcesFiltering - skip non existing resourceDirectory /Users/abinashdas/Desktop/KodeWala java/BulkDataHandleJdbc/src/test/resources
2026-03-09 13:10:29,921 [Worker-27: Building] WARN  o.apache.maven.project.MavenProject - Direct modification of compileSourceRoots through clear() is deprecated and will not work in Maven 4.0.0. Please use the add/remove methods instead. If you're using a plugin that causes this warning, please upgrade to the latest version and report an issue if the warning persists. To disable these warnings, set -Dmaven.project.sourceRoots.warningsDisabled=true on the command line, in the .mvn/maven.config file, or in project POM properties.
2026-03-09 13:10:29,923 [Worker-27: Building] WARN  o.apache.maven.project.MavenProject - Direct modification of compileSourceRoots through add() is deprecated and will not work in Maven 4.0.0. Please use the add/remove methods instead. If you're using a plugin that causes this warning, please upgrade to the latest version and report an issue if the warning persists. To disable these warnings, set -Dmaven.project.sourceRoots.warningsDisabled=true on the command line, in the .mvn/maven.config file, or in project POM properties.
2026-03-09 13:10:29,924 [Worker-27: Building] WARN  o.apache.maven.project.MavenProject - Direct modification of testCompileSourceRoots through clear() is deprecated and will not work in Maven 4.0.0. Please use the add/remove methods instead. If you're using a plugin that causes this warning, please upgrade to the latest version and report an issue if the warning persists. To disable these warnings, set -Dmaven.project.sourceRoots.warningsDisabled=true on the command line, in the .mvn/maven.config file, or in project POM properties.
2026-03-09 13:10:29,925 [Worker-27: Building] WARN  o.apache.maven.project.MavenProject - Direct modification of testCompileSourceRoots through add() is deprecated and will not work in Maven 4.0.0. Please use the add/remove methods instead. If you're using a plugin that causes this warning, please upgrade to the latest version and report an issue if the warning persists. To disable these warnings, set -Dmaven.project.sourceRoots.warningsDisabled=true on the command line, in the .mvn/maven.config file, or in project POM properties.
